,price,proc_cores,proc_speed,mem_cap,storage_cap,ssd,integrated,nvidia,ssdcap,corespeed**2,ddr4,ssdddr4,nvidia_ssd
0,930,6.0,3.2,16.0,2048.0,0,0,1,0.0,368.64000000000016,1,0,0
1,1050,6.0,3.2,16.0,2048.0,0,0,1,0.0,368.64000000000016,1,0,0
2,379,2.0,3.6,4.0,1024.0,0,1,0,0.0,51.84,1,0,0
3,674,4.0,3.1,8.0,256.0,1,1,0,256.0,153.76000000000005,1,1,0
4,823,6.0,3.1,16.0,1024.0,0,1,0,0.0,345.9600000000001,1,0,0
5,631,6.0,3.1,4.0,1024.0,0,1,0,0.0,345.9600000000001,1,0,0
6,1293,4.0,3.1,32.0,1024.0,0,0,1,0.0,153.76000000000005,0,0,0
7,674,4.0,3.1,8.0,1024.0,0,1,0,0.0,153.76000000000005,1,0,0
8,793,6.0,3.1,16.0,1024.0,0,0,1,0.0,345.9600000000001,1,0,0
9,823,6.0,3.1,16.0,1024.0,0,0,1,0.0,345.9600000000001,1,0,0
10,312,4.0,3.1,8.0,1024.0,0,1,0,0.0,153.76000000000005,1,0,0
11,792,6.0,3.1,8.0,1024.0,0,1,0,0.0,345.9600000000001,1,0,0
12,904,4.0,3.1,16.0,1024.0,0,1,0,0.0,153.76000000000005,1,0,0
13,812,6.0,3.1,8.0,1024.0,0,1,0,0.0,345.9600000000001,1,0,0
14,510,6.0,3.1,12.0,1024.0,0,0,1,0.0,345.9600000000001,1,0,0
15,743,6.0,3.1,16.0,1024.0,0,1,0,0.0,345.9600000000001,1,0,0
16,399,4.0,3.1,8.0,1024.0,0,0,1,0.0,153.76000000000005,1,0,0
17,530,4.0,3.1,8.0,1024.0,0,1,0,0.0,153.76000000000005,0,0,0
18,439,4.0,3.1,8.0,1024.0,0,0,1,0.0,153.76000000000005,1,0,0
19,549,6.0,3.1,8.0,1024.0,0,1,0,0.0,345.9600000000001,1,0,0
20,752,6.0,3.1,8.0,1024.0,0,1,0,0.0,345.9600000000001,1,0,0
21,630,4.0,3.1,8.0,1024.0,0,1,0,0.0,153.76000000000005,1,0,0
22,361,2.0,3.1,4.0,1024.0,0,1,0,0.0,38.44000000000001,1,0,0
23,101,2.0,3.6,4.0,500.0,0,1,0,0.0,51.84,0,0,0
24,105,4.0,3.1,4.0,500.0,0,1,0,0.0,153.76000000000005,0,0,0
25,114,2.0,3.1,4.0,250.0,0,1,0,0.0,38.44000000000001,0,0,0
26,489,4.0,2.3,4.0,500.0,0,1,0,0.0,84.63999999999999,1,0,0
27,561,6.0,2.1,8.0,16.0,1,1,0,16.0,158.76000000000005,0,0,0
28,123,2.0,3.1,4.0,250.0,0,1,0,0.0,38.44000000000001,0,0,0
29,250,4.0,2.9,4.0,500.0,0,1,0,0.0,134.56,0,0,0
30,182,2.0,3.4,8.0,500.0,0,1,0,0.0,46.24,0,0,0
31,143,4.0,3.2,8.0,500.0,0,1,0,0.0,163.84000000000003,0,0,0
32,949,6.0,2.4,8.0,1024.0,0,1,0,0.0,207.36,1,0,0
33,902,6.0,2.4,8.0,256.0,1,1,0,256.0,207.36,1,1,0
34,174,4.0,3.1,8.0,500.0,0,1,0,0.0,153.76000000000005,0,0,0
35,99,2.0,3.1,4.0,250.0,0,1,0,0.0,38.44000000000001,0,0,0
36,190,4.0,3.2,8.0,128.0,1,1,0,128.0,163.84000000000003,0,0,0
37,99,2.0,3.3,4.0,250.0,0,1,0,0.0,43.56,0,0,0
38,127,4.0,3.1,4.0,320.0,0,1,0,0.0,153.76000000000005,0,0,0
39,99,2.0,3.1,4.0,250.0,0,1,0,0.0,38.44000000000001,0,0,0
40,99,2.0,3.1,4.0,250.0,0,1,0,0.0,38.44000000000001,0,0,0
41,627,6.0,2.8,8.0,256.0,1,1,0,256.0,282.2399999999999,0,0,0
42,479,4.0,2.5,8.0,128.0,1,1,0,128.0,100.0,0,0,0
43,772,4.0,2.1,8.0,500.0,0,1,0,0.0,70.56,1,0,0
44,384,4.0,3.2,16.0,2048.0,0,1,0,0.0,163.84000000000003,0,0,0
45,299,4.0,3.2,16.0,500.0,0,1,0,0.0,163.84000000000003,0,0,0
46,179,4.0,3.2,4.0,250.0,0,1,0,0.0,163.84000000000003,0,0,0
47,322,4.0,2.9,8.0,256.0,1,1,0,256.0,134.56,0,0,0
48,245,4.0,3.0,4.0,500.0,0,1,0,0.0,144.0,0,0,0
49,256,4.0,2.9,8.0,500.0,0,1,0,0.0,134.56,0,0,0
50,310,4.0,3.2,16.0,2048.0,0,1,0,0.0,163.84000000000003,0,0,0
51,334,6.0,3.4,8.0,1024.0,0,1,0,0.0,416.16,0,0,0
52,169,2.0,3.4,4.0,250.0,0,1,0,0.0,46.24,0,0,0
53,169,2.0,3.4,4.0,250.0,0,1,0,0.0,46.24,0,0,0
54,190,4.0,3.2,4.0,500.0,0,1,0,0.0,163.84000000000003,0,0,0
55,185,4.0,3.2,4.0,500.0,0,1,0,0.0,163.84000000000003,0,0,0
56,223,4.0,2.9,4.0,500.0,0,1,0,0.0,134.56,0,0,0
57,278,4.0,3.3,8.0,500.0,0,1,0,0.0,174.23999999999995,0,0,0
58,273,4.0,2.9,8.0,128.0,1,1,0,128.0,134.56,0,0,0
59,301,6.0,3.4,8.0,1024.0,0,1,0,0.0,416.16,0,0,0
60,463,6.0,3.4,16.0,2048.0,0,1,0,0.0,416.16,0,0,0
61,289,4.0,3.2,8.0,500.0,0,1,0,0.0,163.84000000000003,0,0,0
62,339,4.0,3.2,8.0,240.0,1,1,0,240.0,163.84000000000003,0,0,0
63,251,4.0,3.3,4.0,500.0,0,1,0,0.0,174.23999999999995,0,0,0
64,306,4.0,3.3,8.0,2048.0,0,1,0,0.0,174.23999999999995,0,0,0
65,279,4.0,3.1,8.0,500.0,0,1,0,0.0,153.76000000000005,0,0,0
66,273,4.0,3.2,8.0,500.0,0,1,0,0.0,163.84000000000003,0,0,0
67,273,4.0,3.0,8.0,500.0,0,1,0,0.0,144.0,0,0,0
68,1149,4.0,3.0,16.0,512.0,1,1,0,512.0,144.0,1,1,0
69,549,2.0,3.1,4.0,500.0,0,1,0,0.0,38.44000000000001,1,0,0
70,669,4.0,2.1,8.0,1024.0,0,1,0,0.0,70.56,1,0,0
71,1079,6.0,3.2,8.0,256.0,1,1,0,256.0,368.64000000000016,1,1,0
72,720,4.0,3.0,4.0,500.0,0,1,0,0.0,144.0,1,0,0
73,662,2.0,3.6,4.0,500.0,0,1,0,0.0,51.84,1,0,0
74,529,2.0,3.6,4.0,500.0,0,1,0,0.0,51.84,1,0,0
75,1087,6.0,2.4,16.0,512.0,1,1,0,512.0,207.36,1,1,0
76,949,6.0,3.2,8.0,256.0,1,1,0,256.0,368.64000000000016,1,1,0
77,614,4.0,2.1,4.0,500.0,0,1,0,0.0,70.56,1,0,0
78,608,4.0,2.1,4.0,500.0,0,1,0,0.0,70.56,1,0,0
79,1999,4.0,3.2,16.0,256.0,1,1,0,256.0,163.84000000000003,1,1,0
80,711,4.0,2.1,4.0,500.0,0,1,0,0.0,70.56,1,0,0
81,629,2.0,3.6,4.0,500.0,0,1,0,0.0,51.84,1,0,0
82,919,4.0,3.0,8.0,512.0,1,1,0,512.0,144.0,1,1,0
83,287,4.0,3.1,8.0,2048.0,0,1,0,0.0,153.76000000000005,0,0,0
84,391,4.0,3.1,8.0,1024.0,0,1,0,0.0,153.76000000000005,0,0,0
85,334,4.0,3.1,4.0,250.0,0,1,0,0.0,153.76000000000005,0,0,0
86,380,4.0,3.1,8.0,240.0,1,1,0,240.0,153.76000000000005,0,0,0
87,316,4.0,3.1,4.0,250.0,0,1,0,0.0,153.76000000000005,0,0,0
88,337,4.0,3.1,8.0,360.0,1,1,0,360.0,153.76000000000005,0,0,0
89,332,4.0,3.1,8.0,360.0,1,1,0,360.0,153.76000000000005,0,0,0
90,384,4.0,3.1,16.0,120.0,1,1,0,120.0,153.76000000000005,0,0,0
91,391,4.0,3.1,8.0,1024.0,0,1,0,0.0,153.76000000000005,0,0,0
92,374,4.0,3.1,4.0,2048.0,0,1,0,0.0,153.76000000000005,0,0,0
93,368,4.0,3.1,4.0,1024.0,0,1,0,0.0,153.76000000000005,0,0,0
94,368,4.0,3.1,4.0,1024.0,0,1,0,0.0,153.76000000000005,0,0,0
95,297,4.0,3.1,8.0,500.0,0,1,0,0.0,153.76000000000005,0,0,0
96,368,4.0,3.1,8.0,240.0,1,1,0,240.0,153.76000000000005,0,0,0
97,429,4.0,3.1,12.0,512.0,1,1,0,512.0,153.76000000000005,0,0,0
98,373,4.0,3.1,4.0,2048.0,0,1,0,0.0,153.76000000000005,0,0,0
99,366,4.0,3.1,12.0,2048.0,1,1,0,2048.0,153.76000000000005,0,0,0
100,344,4.0,3.1,4.0,1024.0,0,1,0,0.0,153.76000000000005,0,0,0
101,374,4.0,3.1,4.0,2048.0,0,1,0,0.0,153.76000000000005,0,0,0
102,311,4.0,3.1,8.0,120.0,1,1,0,120.0,153.76000000000005,0,0,0
103,309,4.0,3.1,8.0,500.0,0,1,0,0.0,153.76000000000005,0,0,0
104,409,4.0,3.1,16.0,3072.0,0,1,0,0.0,153.76000000000005,0,0,0
105,432,4.0,3.1,16.0,3072.0,1,1,0,3072.0,153.76000000000005,0,0,0
106,396,4.0,3.1,16.0,3072.0,0,1,0,0.0,153.76000000000005,0,0,0
107,311,4.0,3.1,8.0,3072.0,0,1,0,0.0,153.76000000000005,0,0,0
108,334,4.0,3.1,4.0,250.0,0,1,0,0.0,153.76000000000005,0,0,0
109,438,4.0,3.1,16.0,500.0,1,1,0,500.0,153.76000000000005,0,0,0
110,384,4.0,3.1,12.0,2048.0,1,1,0,2048.0,153.76000000000005,0,0,0
111,373,4.0,3.1,4.0,2048.0,0,1,0,0.0,153.76000000000005,0,0,0
112,304,4.0,3.1,8.0,240.0,1,1,0,240.0,153.76000000000005,0,0,0
113,396,4.0,3.1,8.0,2048.0,0,1,0,0.0,153.76000000000005,0,0,0
114,301,4.0,3.1,8.0,1024.0,0,1,0,0.0,153.76000000000005,0,0,0
115,397,4.0,3.1,8.0,500.0,1,1,0,500.0,153.76000000000005,0,0,0
116,334,4.0,3.1,4.0,250.0,0,1,0,0.0,153.76000000000005,0,0,0
117,334,4.0,3.1,12.0,360.0,1,1,0,360.0,153.76000000000005,0,0,0
118,397,4.0,3.1,8.0,2048.0,0,1,0,0.0,153.76000000000005,0,0,0
119,368,4.0,3.1,4.0,1024.0,0,1,0,0.0,153.76000000000005,0,0,0
120,391,4.0,3.1,8.0,1024.0,0,1,0,0.0,153.76000000000005,0,0,0
121,385,4.0,3.1,8.0,500.0,1,1,0,500.0,153.76000000000005,0,0,0
122,316,4.0,3.1,12.0,360.0,1,1,0,360.0,153.76000000000005,0,0,0
123,304,4.0,3.1,8.0,3072.0,0,1,0,0.0,153.76000000000005,0,0,0
124,284,4.0,3.1,8.0,500.0,0,1,0,0.0,153.76000000000005,0,0,0
125,309,4.0,3.1,8.0,120.0,1,1,0,120.0,153.76000000000005,0,0,0
126,391,4.0,3.1,8.0,1024.0,0,1,0,0.0,153.76000000000005,0,0,0
127,404,4.0,2.9,8.0,128.0,1,1,0,128.0,134.56,0,0,0
128,854,4.0,3.0,8.0,256.0,1,1,0,256.0,144.0,1,1,0
129,649,4.0,1.7,8.0,128.0,1,1,0,128.0,46.24,1,1,0
130,577,2.0,3.1,8.0,128.0,1,1,0,128.0,38.44000000000001,1,1,0
131,689,4.0,1.7,8.0,1024.0,0,1,0,0.0,46.24,1,0,0
132,587,2.0,3.1,8.0,1024.0,0,1,0,0.0,38.44000000000001,1,0,0
133,715,4.0,1.7,8.0,256.0,1,1,0,256.0,46.24,1,1,0
134,840,4.0,2.1,8.0,256.0,1,1,0,256.0,70.56,0,0,0
135,194,4.0,2.0,8.0,500.0,0,1,0,0.0,64.0,0,0,0
136,243,4.0,3.4,8.0,360.0,1,0,1,360.0,184.96,0,0,1
137,279,4.0,3.2,8.0,2048.0,0,1,0,0.0,163.84000000000003,0,0,0
138,329,4.0,3.2,12.0,360.0,1,1,0,360.0,163.84000000000003,0,0,0
139,249,4.0,3.1,8.0,2048.0,0,1,0,0.0,153.76000000000005,0,0,0
140,331,6.0,2.8,8.0,360.0,1,1,0,360.0,282.2399999999999,0,0,0
141,337,4.0,3.2,12.0,2048.0,1,1,0,2048.0,163.84000000000003,0,0,0
142,337,4.0,3.2,16.0,2048.0,0,1,0,0.0,163.84000000000003,0,0,0
143,249,4.0,3.1,8.0,500.0,1,1,0,500.0,153.76000000000005,0,0,0
144,359,4.0,3.2,16.0,1024.0,1,1,0,1024.0,163.84000000000003,0,0,0
145,325,4.0,3.2,16.0,1024.0,1,1,0,1024.0,163.84000000000003,0,0,0
146,249,4.0,3.1,8.0,2048.0,0,1,0,0.0,153.76000000000005,0,0,0
147,304,4.0,3.2,8.0,360.0,1,1,0,360.0,163.84000000000003,0,0,0
148,236,2.0,3.4,12.0,1024.0,0,1,0,0.0,46.24,0,0,0
149,402,4.0,3.2,16.0,3072.0,1,1,0,3072.0,163.84000000000003,0,0,0
150,234,2.0,3.3,8.0,120.0,1,1,0,120.0,43.56,0,0,0
151,316,2.0,3.4,8.0,1024.0,1,1,0,1024.0,46.24,0,0,0
152,392,4.0,3.1,8.0,1024.0,1,1,0,1024.0,153.76000000000005,0,0,0
153,202,2.0,3.3,12.0,1024.0,0,1,0,0.0,43.56,0,0,0
154,275,4.0,3.1,12.0,240.0,1,1,0,240.0,153.76000000000005,0,0,0
155,301,4.0,2.9,8.0,240.0,1,1,0,240.0,134.56,0,0,0
156,396,4.0,3.2,8.0,360.0,1,1,0,360.0,163.84000000000003,0,0,0
157,239,2.0,3.1,8.0,2048.0,0,1,0,0.0,38.44000000000001,0,0,0
158,429,4.0,3.1,8.0,512.0,1,1,0,512.0,153.76000000000005,0,0,0
159,298,4.0,3.1,12.0,240.0,1,1,0,240.0,153.76000000000005,0,0,0
160,254,4.0,3.1,12.0,1024.0,0,1,0,0.0,153.76000000000005,0,0,0
161,403,4.0,3.1,8.0,512.0,1,1,0,512.0,153.76000000000005,0,0,0
162,356,4.0,3.2,12.0,360.0,1,1,0,360.0,163.84000000000003,0,0,0
163,334,4.0,3.2,16.0,3072.0,0,1,0,0.0,163.84000000000003,0,0,0
164,321,2.0,3.1,8.0,500.0,1,1,0,500.0,38.44000000000001,0,0,0
165,327,4.0,3.2,8.0,360.0,1,1,0,360.0,163.84000000000003,0,0,0
166,257,2.0,3.4,12.0,240.0,1,1,0,240.0,46.24,0,0,0
167,367,4.0,3.1,16.0,3072.0,1,1,0,3072.0,153.76000000000005,0,0,0
168,257,2.0,3.4,12.0,3072.0,0,1,0,0.0,46.24,0,0,0
169,339,4.0,3.1,16.0,3072.0,1,1,0,3072.0,153.76000000000005,0,0,0
170,448,4.0,3.2,16.0,360.0,1,1,0,360.0,163.84000000000003,0,0,0
171,369,4.0,3.1,16.0,3072.0,1,1,0,3072.0,153.76000000000005,0,0,0
172,359,4.0,3.2,16.0,3072.0,0,1,0,0.0,163.84000000000003,0,0,0
173,269,4.0,3.1,8.0,1024.0,1,1,0,1024.0,153.76000000000005,0,0,0
174,326,4.0,3.2,8.0,360.0,1,1,0,360.0,163.84000000000003,0,0,0
175,257,4.0,3.1,8.0,500.0,1,1,0,500.0,153.76000000000005,0,0,0
176,272,2.0,3.3,16.0,2048.0,0,1,0,0.0,43.56,0,0,0
177,287,2.0,3.4,12.0,512.0,1,1,0,512.0,46.24,0,0,0
178,409,4.0,3.2,12.0,360.0,1,1,0,360.0,163.84000000000003,0,0,0
179,380,4.0,3.2,8.0,2048.0,0,1,0,0.0,163.84000000000003,0,0,0
180,319,4.0,3.1,16.0,2048.0,0,1,0,0.0,153.76000000000005,0,0,0
181,256,4.0,3.2,8.0,2048.0,0,1,0,0.0,163.84000000000003,0,0,0
182,369,4.0,3.2,16.0,360.0,1,1,0,360.0,163.84000000000003,0,0,0
183,305,4.0,3.2,12.0,2048.0,1,1,0,2048.0,163.84000000000003,0,0,0
184,287,4.0,3.2,8.0,3072.0,0,1,0,0.0,163.84000000000003,0,0,0
185,284,4.0,3.2,8.0,2048.0,1,1,0,2048.0,163.84000000000003,0,0,0
186,278,2.0,3.3,8.0,360.0,1,1,0,360.0,43.56,0,0,0
187,351,4.0,2.5,8.0,360.0,1,1,0,360.0,100.0,0,0,0
188,348,2.0,3.4,8.0,360.0,1,1,0,360.0,46.24,0,0,0
189,265,4.0,3.1,8.0,2048.0,1,1,0,2048.0,153.76000000000005,0,0,0
190,278,2.0,3.3,12.0,360.0,1,1,0,360.0,43.56,0,0,0
191,348,4.0,3.2,12.0,2048.0,1,1,0,2048.0,163.84000000000003,0,0,0
192,399,4.0,3.2,16.0,3072.0,1,1,0,3072.0,163.84000000000003,0,0,0
193,239,2.0,3.3,8.0,500.0,1,1,0,500.0,43.56,0,0,0
194,371,2.0,3.3,8.0,240.0,1,1,0,240.0,43.56,0,0,0
195,297,4.0,3.1,16.0,2048.0,0,1,0,0.0,153.76000000000005,0,0,0
196,345,4.0,3.2,8.0,240.0,1,1,0,240.0,163.84000000000003,0,0,0
197,261,4.0,3.1,12.0,1024.0,0,1,0,0.0,153.76000000000005,0,0,0
198,266,4.0,3.1,8.0,2048.0,0,1,0,0.0,153.76000000000005,0,0,0
199,290,2.0,3.1,8.0,240.0,1,1,0,240.0,38.44000000000001,0,0,0
200,265,4.0,3.1,8.0,360.0,1,1,0,360.0,153.76000000000005,0,0,0
201,373,4.0,3.1,16.0,3072.0,1,1,0,3072.0,153.76000000000005,0,0,0
202,249,4.0,3.1,8.0,2048.0,1,1,0,2048.0,153.76000000000005,0,0,0
203,229,2.0,3.1,8.0,240.0,1,1,0,240.0,38.44000000000001,0,0,0
204,234,2.0,3.3,12.0,1024.0,0,1,0,0.0,43.56,0,0,0
205,355,4.0,3.2,16.0,2048.0,1,1,0,2048.0,163.84000000000003,0,0,0
206,299,4.0,3.1,16.0,2048.0,0,1,0,0.0,153.76000000000005,0,0,0
207,278,4.0,3.2,12.0,2048.0,0,1,0,0.0,163.84000000000003,0,0,0
208,223,4.0,3.4,8.0,2048.0,0,0,1,0.0,184.96,0,0,0
209,185,2.0,3.1,8.0,1024.0,0,1,0,0.0,38.44000000000001,0,0,0
210,295,2.0,3.3,12.0,3072.0,1,1,0,3072.0,43.56,0,0,0
211,334,4.0,3.2,8.0,3072.0,0,1,0,0.0,163.84000000000003,0,0,0
212,289,4.0,3.2,12.0,240.0,1,1,0,240.0,163.84000000000003,0,0,0
213,394,4.0,3.2,12.0,512.0,1,1,0,512.0,163.84000000000003,0,0,0
214,249,4.0,3.1,8.0,500.0,1,1,0,500.0,153.76000000000005,0,0,0
215,339,4.0,3.2,16.0,2048.0,0,1,0,0.0,163.84000000000003,0,0,0
216,348,4.0,3.2,16.0,3072.0,0,1,0,0.0,163.84000000000003,0,0,0
217,327,4.0,3.2,12.0,2048.0,0,1,0,0.0,163.84000000000003,0,0,0
218,279,4.0,3.1,12.0,240.0,1,1,0,240.0,153.76000000000005,0,0,0
219,300,4.0,3.2,12.0,360.0,1,1,0,360.0,163.84000000000003,0,0,0
220,349,4.0,3.2,12.0,360.0,1,1,0,360.0,163.84000000000003,0,0,0
221,355,4.0,3.2,16.0,1024.0,1,1,0,1024.0,163.84000000000003,0,0,0
222,328,4.0,3.2,16.0,360.0,1,1,0,360.0,163.84000000000003,0,0,0
223,245,2.0,3.4,12.0,360.0,1,1,0,360.0,46.24,0,0,0
224,409,4.0,3.2,8.0,512.0,1,1,0,512.0,163.84000000000003,0,0,0
225,247,2.0,3.4,8.0,360.0,1,1,0,360.0,46.24,0,0,0
226,300,6.0,2.8,8.0,120.0,1,1,0,120.0,282.2399999999999,0,0,0
227,239,2.0,3.3,16.0,3072.0,0,1,0,0.0,43.56,0,0,0
228,304,2.0,3.4,12.0,3072.0,1,1,0,3072.0,46.24,0,0,0
229,249,4.0,3.1,12.0,1024.0,0,1,0,0.0,153.76000000000005,0,0,0
230,275,4.0,2.5,8.0,120.0,1,1,0,120.0,100.0,0,0,0
231,334,2.0,3.3,8.0,2048.0,0,1,0,0.0,43.56,0,0,0
232,219,2.0,3.1,8.0,2048.0,0,1,0,0.0,38.44000000000001,0,0,0
233,240,2.0,3.4,8.0,240.0,1,1,0,240.0,46.24,0,0,0
234,421,4.0,3.2,16.0,3072.0,1,1,0,3072.0,163.84000000000003,0,0,0
235,366,4.0,3.2,16.0,360.0,1,1,0,360.0,163.84000000000003,0,0,0
236,269,4.0,3.1,8.0,360.0,1,1,0,360.0,153.76000000000005,0,0,0
237,417,4.0,3.1,8.0,1024.0,0,1,0,0.0,153.76000000000005,0,0,0
238,239,4.0,3.2,8.0,128.0,1,1,0,128.0,163.84000000000003,0,0,0
239,169,4.0,3.2,8.0,500.0,0,1,0,0.0,163.84000000000003,0,0,0
240,164,4.0,3.2,6.0,250.0,0,1,0,0.0,163.84000000000003,0,0,0
241,147,4.0,3.2,4.0,250.0,0,1,0,0.0,163.84000000000003,0,0,0
242,749,4.0,2.8,8.0,1024.0,0,1,0,0.0,125.43999999999998,1,0,0
243,754,4.0,2.8,8.0,1024.0,0,1,0,0.0,125.43999999999998,1,0,0
244,979,6.0,2.8,16.0,1024.0,1,0,1,1024.0,282.2399999999999,0,0,1
245,149,4.0,3.1,8.0,500.0,0,1,0,0.0,153.76000000000005,0,0,0
246,144,4.0,3.2,8.0,500.0,0,1,0,0.0,163.84000000000003,0,0,0
247,759,4.0,2.2,8.0,256.0,1,0,1,256.0,77.44000000000003,0,0,1
248,119,2.0,3.4,4.0,250.0,0,1,0,0.0,46.24,0,0,0
249,104,4.0,3.2,4.0,250.0,0,1,0,0.0,163.84000000000003,0,0,0
250,219,4.0,3.2,8.0,500.0,0,1,0,0.0,163.84000000000003,0,0,0
251,720,4.0,2.8,8.0,1024.0,0,0,1,0.0,125.43999999999998,1,0,0
252,962,6.0,3.6,8.0,1024.0,0,0,0,0.0,466.56000000000006,1,0,0
253,240,4.0,3.1,4.0,1024.0,0,0,0,0.0,153.76000000000005,0,0,0
254,524,4.0,3.1,8.0,1024.0,0,0,0,0.0,153.76000000000005,1,0,0
255,351,2.0,3.1,4.0,1024.0,0,1,0,0.0,38.44000000000001,1,0,0
256,178,2.0,3.1,2.0,1024.0,0,1,0,0.0,38.44000000000001,0,0,0
257,275,2.0,3.1,4.0,1024.0,0,0,0,0.0,38.44000000000001,0,0,0
258,319,2.0,3.1,8.0,1024.0,0,1,0,0.0,38.44000000000001,0,0,0
259,159,4.0,3.2,4.0,500.0,0,1,0,0.0,163.84000000000003,0,0,0
260,99,2.0,3.3,4.0,250.0,0,1,0,0.0,43.56,0,0,0
261,674,4.0,2.7,4.0,500.0,0,1,0,0.0,116.64,1,0,0
262,489,4.0,3.0,8.0,1024.0,0,1,0,0.0,144.0,1,0,0
263,499,4.0,3.0,8.0,2048.0,1,1,0,2048.0,144.0,1,1,0
264,122,1.0,2.6,4.0,250.0,0,1,0,0.0,6.760000000000002,0,0,0
265,93,1.0,2.6,4.0,320.0,0,1,0,0.0,6.760000000000002,0,0,0
266,259,4.0,3.2,8.0,500.0,0,1,0,0.0,163.84000000000003,0,0,0
267,209,4.0,3.2,4.0,500.0,0,1,0,0.0,163.84000000000003,0,0,0
268,405,4.0,3.0,8.0,1024.0,0,1,0,0.0,144.0,0,0,0
269,92,2.0,3.0,4.0,160.0,0,1,0,0.0,36.0,0,0,0
270,154,4.0,3.2,4.0,250.0,0,1,0,0.0,163.84000000000003,0,0,0
271,118,4.0,3.2,4.0,250.0,0,1,0,0.0,163.84000000000003,0,0,0
272,123,4.0,3.1,4.0,500.0,0,1,0,0.0,153.76000000000005,0,0,0
273,124,4.0,3.1,4.0,250.0,0,1,0,0.0,153.76000000000005,0,0,0
274,129,2.0,3.1,4.0,250.0,0,1,0,0.0,38.44000000000001,0,0,0
275,395,6.0,3.6,8.0,500.0,0,1,0,0.0,466.56000000000006,0,0,0
276,154,4.0,2.5,4.0,250.0,0,1,0,0.0,100.0,0,0,0
277,229,4.0,3.2,4.0,500.0,0,1,0,0.0,163.84000000000003,0,0,0
278,299,4.0,3.2,8.0,500.0,0,1,0,0.0,163.84000000000003,0,0,0
279,313,4.0,3.2,8.0,256.0,1,1,0,256.0,163.84000000000003,0,0,0
280,511,6.0,3.6,16.0,256.0,1,1,0,256.0,466.56000000000006,0,0,0
281,149,2.0,3.4,4.0,250.0,0,1,0,0.0,46.24,0,0,0
282,349,4.0,3.2,8.0,256.0,1,1,0,256.0,163.84000000000003,0,0,0
283,127,2.0,3.4,4.0,250.0,0,1,0,0.0,46.24,0,0,0
284,324,4.0,3.2,8.0,256.0,1,1,0,256.0,163.84000000000003,0,0,0
285,349,4.0,3.2,8.0,256.0,1,1,0,256.0,163.84000000000003,0,0,0
286,244,4.0,3.2,8.0,500.0,0,1,0,0.0,163.84000000000003,0,0,0
287,344,4.0,3.2,8.0,256.0,1,1,0,256.0,163.84000000000003,0,0,0
288,329,4.0,3.2,8.0,256.0,1,1,0,256.0,163.84000000000003,0,0,0
289,109,2.0,3.4,4.0,250.0,0,1,0,0.0,46.24,0,0,0
290,779,6.0,3.2,12.0,1024.0,0,1,0,0.0,368.64000000000016,1,0,0
291,323,1.0,1.5,4.0,1024.0,0,1,0,0.0,2.25,1,0,0
292,149,4.0,3.2,4.0,500.0,0,1,0,0.0,163.84000000000003,0,0,0
293,97,2.0,3.1,4.0,250.0,0,1,0,0.0,38.44000000000001,0,0,0
294,139,2.0,3.4,4.0,500.0,0,1,0,0.0,46.24,0,0,0
295,124,4.0,3.1,4.0,250.0,0,1,0,0.0,153.76000000000005,0,0,0
296,99,2.0,3.1,4.0,250.0,0,1,0,0.0,38.44000000000001,0,0,0
297,264,4.0,3.2,8.0,500.0,0,1,0,0.0,163.84000000000003,0,0,0
298,155,2.0,3.1,4.0,1024.0,0,1,0,0.0,38.44000000000001,0,0,0
299,209,4.0,3.1,4.0,1024.0,0,1,0,0.0,153.76000000000005,0,0,0
300,163,4.0,3.1,4.0,1024.0,0,1,0,0.0,153.76000000000005,0,0,0
301,123,2.0,3.0,4.0,250.0,0,1,0,0.0,36.0,0,0,0
302,116,4.0,3.2,4.0,250.0,0,1,0,0.0,163.84000000000003,0,0,0
303,128,4.0,3.2,4.0,250.0,0,1,0,0.0,163.84000000000003,0,0,0
304,121,2.0,3.3,4.0,500.0,0,1,0,0.0,43.56,0,0,0
305,139,4.0,3.1,4.0,250.0,0,1,0,0.0,153.76000000000005,0,0,0
306,147,4.0,3.1,4.0,250.0,0,1,0,0.0,153.76000000000005,0,0,0
307,121,4.0,3.2,4.0,250.0,0,1,0,0.0,163.84000000000003,0,0,0
308,123,2.0,3.2,4.0,250.0,0,1,0,0.0,40.96000000000001,0,0,0
309,204,4.0,3.2,8.0,500.0,0,1,0,0.0,163.84000000000003,0,0,0
310,159,4.0,3.2,4.0,250.0,0,1,0,0.0,163.84000000000003,0,0,0
311,119,2.0,3.3,4.0,250.0,0,1,0,0.0,43.56,0,0,0
312,339,2.0,3.0,8.0,128.0,1,1,0,128.0,36.0,0,0,0
313,589,4.0,3.1,8.0,1024.0,0,1,0,0.0,153.76000000000005,1,0,0
314,949,6.0,3.1,16.0,1024.0,0,0,1,0.0,345.9600000000001,0,0,0
315,144,4.0,3.2,8.0,250.0,0,1,0,0.0,163.84000000000003,0,0,0
316,449,4.0,3.0,12.0,2048.0,0,1,0,0.0,144.0,0,0,0
317,299,2.0,3.9,8.0,1024.0,0,1,0,0.0,60.84,0,0,0
318,279,2.0,3.4,8.0,1024.0,0,1,0,0.0,46.24,0,0,0
319,449,2.0,3.6,8.0,1024.0,0,1,0,0.0,51.84,1,0,0
320,989,6.0,3.2,8.0,1024.0,1,0,1,1024.0,368.64000000000016,1,1,1
321,1231,6.0,3.2,8.0,1024.0,0,0,1,0.0,368.64000000000016,1,0,0
322,943,6.0,3.2,8.0,1024.0,0,0,1,0.0,368.64000000000016,1,0,0
323,430,2.0,3.6,4.0,1024.0,0,1,0,0.0,51.84,1,0,0
324,179,4.0,3.2,8.0,500.0,0,1,0,0.0,163.84000000000003,0,0,0
325,113,2.0,3.3,4.0,250.0,0,1,0,0.0,43.56,0,0,0
326,296,2.0,3.1,8.0,256.0,1,1,0,256.0,38.44000000000001,0,0,0
327,236,2.0,3.4,8.0,3072.0,0,1,0,0.0,46.24,0,0,0
328,141,4.0,3.2,4.0,250.0,0,1,0,0.0,163.84000000000003,0,0,0
329,364,6.0,3.4,8.0,500.0,0,1,0,0.0,416.16,0,0,0
330,460,6.0,3.4,16.0,2048.0,0,1,0,0.0,416.16,0,0,0
331,253,4.0,3.2,8.0,500.0,0,1,0,0.0,163.84000000000003,0,0,0
332,319,4.0,3.2,16.0,500.0,0,1,0,0.0,163.84000000000003,0,0,0
333,267,4.0,3.2,16.0,500.0,0,1,0,0.0,163.84000000000003,0,0,0
334,439,6.0,3.4,16.0,500.0,0,1,0,0.0,416.16,0,0,0
335,339,4.0,3.0,8.0,2048.0,0,1,0,0.0,144.0,1,0,0
336,799,4.0,3.0,8.0,1024.0,0,0,1,0.0,144.0,1,0,0
337,283,4.0,3.2,16.0,500.0,0,1,0,0.0,163.84000000000003,0,0,0
338,309,4.0,3.2,8.0,500.0,0,1,0,0.0,163.84000000000003,0,0,0
339,164,2.0,3.4,4.0,500.0,0,1,0,0.0,46.24,0,0,0
340,299,4.0,3.2,16.0,500.0,0,1,0,0.0,163.84000000000003,0,0,0
341,386,6.0,3.4,16.0,500.0,0,1,0,0.0,416.16,0,0,0
342,384,6.0,3.4,8.0,500.0,0,1,0,0.0,416.16,0,0,0
343,384,6.0,3.4,16.0,500.0,0,1,0,0.0,416.16,0,0,0
344,164,2.0,3.4,4.0,500.0,0,1,0,0.0,46.24,0,0,0
345,204,4.0,3.2,8.0,500.0,0,1,0,0.0,163.84000000000003,0,0,0
346,408,6.0,3.4,8.0,2048.0,0,1,0,0.0,416.16,0,0,0
347,251,4.0,3.2,8.0,500.0,0,1,0,0.0,163.84000000000003,0,0,0
348,266,4.0,3.2,8.0,2048.0,0,1,0,0.0,163.84000000000003,0,0,0
349,255,4.0,3.2,8.0,2048.0,0,1,0,0.0,163.84000000000003,0,0,0
350,149,4.0,3.2,4.0,250.0,0,1,0,0.0,163.84000000000003,0,0,0
351,463,2.0,3.9,4.0,1024.0,0,1,0,0.0,60.84,1,0,0
352,740,4.0,2.8,8.0,1024.0,0,0,1,0.0,125.43999999999998,1,0,0
353,1099,6.0,3.2,16.0,2048.0,0,0,1,0.0,368.64000000000016,1,0,0
354,124,4.0,3.1,4.0,250.0,0,1,0,0.0,153.76000000000005,0,0,0
355,115,2.0,3.3,4.0,120.0,1,1,0,120.0,43.56,0,0,0
356,126,4.0,3.1,4.0,250.0,0,1,0,0.0,153.76000000000005,0,0,0
357,85,2.0,3.0,4.0,160.0,0,1,0,0.0,36.0,0,0,0
358,831,6.0,3.2,16.0,2048.0,0,1,0,0.0,368.64000000000016,1,0,0
359,579,2.0,3.9,4.0,500.0,0,1,0,0.0,60.84,1,0,0
360,1009,6.0,3.6,8.0,1024.0,0,1,0,0.0,466.56000000000006,1,0,0
361,955,4.0,3.4,8.0,500.0,1,1,0,500.0,184.96,1,1,0
362,632,2.0,3.9,4.0,500.0,0,1,0,0.0,60.84,1,0,0
363,1202,6.0,3.6,16.0,512.0,1,1,0,512.0,466.56000000000006,1,1,0
364,549,4.0,3.4,8.0,500.0,0,1,0,0.0,184.96,1,0,0
365,499,4.0,3.4,4.0,500.0,0,1,0,0.0,184.96,1,0,0
366,599,4.0,3.4,4.0,500.0,0,1,0,0.0,184.96,1,0,0
367,989,4.0,3.4,8.0,512.0,1,1,0,512.0,184.96,1,1,0
368,1342,6.0,3.6,16.0,512.0,1,1,0,512.0,466.56000000000006,1,1,0
369,656,4.0,3.4,4.0,500.0,0,1,0,0.0,184.96,1,0,0
370,899,6.0,2.9,8.0,256.0,1,1,0,256.0,302.75999999999993,1,1,0
371,1020,6.0,3.6,8.0,256.0,1,1,0,256.0,466.56000000000006,1,1,0
372,729,4.0,2.7,4.0,500.0,0,1,0,0.0,116.64,1,0,0
373,174,2.0,3.6,8.0,500.0,0,1,0,0.0,51.84,0,0,0
374,281,6.0,3.4,8.0,500.0,0,1,0,0.0,416.16,0,0,0
375,184,2.0,3.4,8.0,500.0,0,1,0,0.0,46.24,0,0,0
376,156,2.0,3.4,4.0,500.0,0,1,0,0.0,46.24,0,0,0
377,298,6.0,3.4,8.0,2048.0,0,1,0,0.0,416.16,0,0,0
378,1041,4.0,3.2,8.0,256.0,1,1,0,256.0,163.84000000000003,1,1,0
379,281,6.0,3.4,8.0,500.0,0,1,0,0.0,416.16,0,0,0
380,224,6.0,2.6,8.0,500.0,0,1,0,0.0,243.36000000000004,0,0,0
381,310,6.0,3.4,8.0,2048.0,0,1,0,0.0,416.16,0,0,0
382,257,6.0,3.4,8.0,500.0,0,1,0,0.0,416.16,0,0,0
383,325,6.0,3.4,8.0,2048.0,0,1,0,0.0,416.16,0,0,0
384,282,6.0,3.4,8.0,500.0,0,1,0,0.0,416.16,0,0,0
385,343,6.0,3.4,8.0,2048.0,0,1,0,0.0,416.16,0,0,0
386,359,6.0,3.4,8.0,500.0,0,1,0,0.0,416.16,0,0,0
387,319,6.0,3.4,8.0,2048.0,0,1,0,0.0,416.16,0,0,0
388,283,6.0,3.4,8.0,500.0,0,1,0,0.0,416.16,0,0,0
389,209,4.0,3.2,8.0,500.0,0,1,0,0.0,163.84000000000003,0,0,0
390,80,2.0,2.9,4.0,80.0,0,1,0,0.0,33.64,0,0,0
391,144,2.0,3.1,4.0,320.0,0,1,0,0.0,38.44000000000001,0,0,0
392,212,4.0,3.4,8.0,500.0,0,1,0,0.0,184.96,0,0,0
393,143,2.0,3.3,4.0,320.0,0,1,0,0.0,43.56,0,0,0
394,310,6.0,3.4,8.0,500.0,0,1,0,0.0,416.16,0,0,0
395,417,6.0,3.4,16.0,2048.0,0,1,0,0.0,416.16,0,0,0
396,222,4.0,3.4,8.0,500.0,0,1,0,0.0,184.96,0,0,0
397,299,4.0,3.1,4.0,250.0,0,1,0,0.0,153.76000000000005,0,0,0
398,299,2.0,3.3,4.0,250.0,0,1,0,0.0,43.56,0,0,0
399,179,4.0,2.6,4.0,500.0,0,1,0,0.0,108.16,0,0,0
400,254,4.0,3.2,8.0,500.0,0,1,0,0.0,163.84000000000003,0,0,0
401,372,6.0,3.4,8.0,500.0,0,1,0,0.0,416.16,0,0,0
402,79,2.0,2.9,4.0,160.0,0,1,0,0.0,33.64,0,0,0
403,425,6.0,3.4,16.0,500.0,0,1,0,0.0,416.16,0,0,0
404,184,4.0,3.1,4.0,250.0,0,1,0,0.0,153.76000000000005,0,0,0
405,291,4.0,3.2,8.0,2048.0,0,1,0,0.0,163.84000000000003,0,0,0
406,356,6.0,3.4,8.0,500.0,0,1,0,0.0,416.16,0,0,0
407,371,6.0,3.4,8.0,2048.0,0,1,0,0.0,416.16,0,0,0
408,309,6.0,3.4,8.0,500.0,0,1,0,0.0,416.16,0,0,0
409,134,4.0,2.5,4.0,250.0,0,1,0,0.0,100.0,0,0,0
410,399,6.0,3.4,16.0,500.0,0,1,0,0.0,416.16,0,0,0
411,317,6.0,3.4,4.0,500.0,0,1,0,0.0,416.16,0,0,0
412,319,6.0,3.4,8.0,2048.0,0,1,0,0.0,416.16,0,0,0
413,150,4.0,2.5,4.0,250.0,0,1,0,0.0,100.0,0,0,0
414,1732,6.0,3.4,16.0,512.0,1,0,1,512.0,416.16,1,1,1
415,244,4.0,3.2,4.0,500.0,0,1,0,0.0,163.84000000000003,0,0,0
416,255,4.0,3.2,4.0,1024.0,0,1,0,0.0,163.84000000000003,0,0,0
417,277,4.0,3.2,8.0,1024.0,0,1,0,0.0,163.84000000000003,0,0,0
418,149,2.0,2.9,4.0,1024.0,0,1,0,0.0,33.64,0,0,0
419,99,2.0,2.3,4.0,250.0,0,1,0,0.0,21.16,0,0,0
420,134,2.0,2.8,4.0,1024.0,0,1,0,0.0,31.36,0,0,0
421,149,2.0,2.9,4.0,1024.0,0,1,0,0.0,33.64,0,0,0
422,99,2.0,2.8,4.0,250.0,0,1,0,0.0,31.36,0,0,0
423,127,2.0,2.9,4.0,250.0,0,1,0,0.0,33.64,0,0,0
424,129,2.0,2.9,4.0,250.0,0,1,0,0.0,33.64,0,0,0
425,214,4.0,3.1,4.0,1024.0,0,1,0,0.0,153.76000000000005,0,0,0
426,202,4.0,3.1,4.0,320.0,0,1,0,0.0,153.76000000000005,0,0,0
427,225,4.0,3.2,8.0,1024.0,0,1,0,0.0,163.84000000000003,0,0,0
428,272,6.0,3.4,8.0,500.0,0,1,0,0.0,416.16,0,0,0
429,218,4.0,3.2,8.0,120.0,1,1,0,120.0,163.84000000000003,0,0,0
430,302,6.0,3.4,8.0,500.0,0,1,0,0.0,416.16,0,0,0
431,461,6.0,3.4,8.0,500.0,0,1,0,0.0,416.16,0,0,0
432,499,4.0,3.2,4.0,500.0,0,1,0,0.0,163.84000000000003,1,0,0
433,129,2.0,3.1,4.0,500.0,0,1,0,0.0,38.44000000000001,0,0,0
434,169,4.0,3.1,4.0,500.0,0,1,0,0.0,153.76000000000005,0,0,0
435,213,4.0,3.1,8.0,500.0,0,1,0,0.0,153.76000000000005,0,0,0
436,149,2.0,3.3,4.0,500.0,0,1,0,0.0,43.56,0,0,0
437,112,2.0,3.0,4.0,250.0,0,1,0,0.0,36.0,0,0,0
438,669,6.0,3.4,16.0,3072.0,1,0,1,3072.0,416.16,0,0,1
439,244,4.0,3.1,8.0,120.0,1,1,0,120.0,153.76000000000005,0,0,0
440,267,4.0,3.1,8.0,2048.0,1,1,0,2048.0,153.76000000000005,0,0,0
441,559,6.0,3.4,16.0,2048.0,1,0,1,2048.0,416.16,0,0,1
442,282,4.0,3.2,8.0,240.0,1,1,0,240.0,163.84000000000003,0,0,0
443,296,4.0,3.2,8.0,3072.0,1,1,0,3072.0,163.84000000000003,0,0,0
444,299,4.0,3.1,16.0,2048.0,1,1,0,2048.0,153.76000000000005,0,0,0
445,310,4.0,3.1,16.0,240.0,1,1,0,240.0,153.76000000000005,0,0,0
446,307,4.0,3.2,16.0,2048.0,1,1,0,2048.0,163.84000000000003,0,0,0
447,234,4.0,3.1,8.0,120.0,1,1,0,120.0,153.76000000000005,0,0,0
448,352,4.0,3.2,16.0,2048.0,1,1,0,2048.0,163.84000000000003,0,0,0
449,333,4.0,3.2,8.0,3072.0,1,1,0,3072.0,163.84000000000003,0,0,0
450,240,4.0,3.4,8.0,500.0,0,1,0,0.0,184.96,0,0,0
451,161,2.0,3.3,4.0,250.0,0,1,0,0.0,43.56,0,0,0
452,222,4.0,3.4,8.0,500.0,0,1,0,0.0,184.96,0,0,0
453,147,2.0,3.3,4.0,250.0,0,1,0,0.0,43.56,0,0,0
454,331,6.0,3.4,8.0,500.0,0,1,0,0.0,416.16,0,0,0
455,142,2.0,3.3,4.0,250.0,0,1,0,0.0,43.56,0,0,0
456,163,4.0,3.1,4.0,250.0,0,1,0,0.0,153.76000000000005,0,0,0
457,216,4.0,3.4,8.0,500.0,0,1,0,0.0,184.96,0,0,0
458,178,4.0,3.1,4.0,250.0,0,1,0,0.0,153.76000000000005,0,0,0
459,848,4.0,2.5,8.0,256.0,1,1,0,256.0,100.0,1,1,0
460,799,4.0,2.5,8.0,256.0,1,1,0,256.0,100.0,1,1,0
461,127,2.0,3.3,4.0,250.0,0,1,0,0.0,43.56,0,0,0
462,435,6.0,3.4,8.0,2048.0,0,1,0,0.0,416.16,0,0,0
463,320,4.0,3.2,8.0,2048.0,0,1,0,0.0,163.84000000000003,0,0,0
464,264,4.0,3.2,8.0,2048.0,0,1,0,0.0,163.84000000000003,0,0,0
465,291,4.0,2.9,8.0,1024.0,0,1,0,0.0,134.56,0,0,0
466,203,4.0,3.1,8.0,500.0,0,1,0,0.0,153.76000000000005,0,0,0
467,206,4.0,3.1,8.0,500.0,0,1,0,0.0,153.76000000000005,0,0,0
468,244,4.0,3.2,4.0,250.0,0,1,0,0.0,163.84000000000003,0,0,0
469,230,4.0,2.5,8.0,2048.0,0,1,0,0.0,100.0,0,0,0
470,296,4.0,2.9,8.0,2048.0,0,1,0,0.0,134.56,0,0,0
471,293,4.0,2.9,8.0,256.0,1,1,0,256.0,134.56,0,0,0
472,141,1.0,2.6,4.0,500.0,0,1,0,0.0,6.760000000000002,0,0,0
473,141,1.0,2.6,4.0,500.0,0,1,0,0.0,6.760000000000002,0,0,0
474,149,4.0,2.5,4.0,250.0,0,1,0,0.0,100.0,0,0,0
475,127,1.0,3.1,4.0,250.0,0,1,0,0.0,9.61,0,0,0
476,170,4.0,2.5,4.0,250.0,0,1,0,0.0,100.0,0,0,0
477,204,4.0,2.9,4.0,250.0,0,1,0,0.0,134.56,0,0,0
478,199,4.0,2.9,8.0,500.0,0,1,0,0.0,134.56,0,0,0
479,236,4.0,2.9,8.0,1024.0,0,1,0,0.0,134.56,0,0,0
480,335,6.0,3.4,8.0,2048.0,0,1,0,0.0,416.16,0,0,0
481,186,2.0,3.3,4.0,320.0,0,1,0,0.0,43.56,0,0,0
482,384,6.0,3.4,16.0,2048.0,0,1,0,0.0,416.16,0,0,0
483,215,4.0,2.9,4.0,500.0,0,1,0,0.0,134.56,0,0,0
484,323,6.0,3.1,8.0,2048.0,0,1,0,0.0,345.9600000000001,0,0,0
485,243,4.0,3.4,8.0,2048.0,0,1,0,0.0,184.96,0,0,0
486,129,1.0,3.1,4.0,250.0,0,1,0,0.0,9.61,0,0,0
487,129,1.0,3.1,4.0,250.0,0,1,0,0.0,9.61,0,0,0
488,149,4.0,2.5,4.0,250.0,0,1,0,0.0,100.0,0,0,0
489,336,6.0,3.1,8.0,128.0,1,1,0,128.0,345.9600000000001,0,0,0
490,256,4.0,2.9,8.0,320.0,0,1,0,0.0,134.56,0,0,0
491,177,4.0,3.2,4.0,250.0,0,1,0,0.0,163.84000000000003,0,0,0
492,228,4.0,2.9,8.0,500.0,0,1,0,0.0,134.56,0,0,0
493,548,4.0,3.2,8.0,2048.0,0,1,0,0.0,163.84000000000003,0,0,0
494,160,2.0,3.3,4.0,250.0,0,1,0,0.0,43.56,0,0,0
495,207,4.0,2.9,8.0,250.0,0,1,0,0.0,134.56,0,0,0
496,207,4.0,2.9,4.0,500.0,0,1,0,0.0,134.56,0,0,0
497,187,4.0,2.5,8.0,320.0,0,1,0,0.0,100.0,0,0,0
498,231,4.0,3.2,8.0,2048.0,0,1,0,0.0,163.84000000000003,0,0,0
499,280,4.0,3.2,8.0,2048.0,0,1,0,0.0,163.84000000000003,0,0,0
500,579,6.0,3.4,8.0,2048.0,0,1,0,0.0,416.16,0,0,0
501,304,6.0,3.4,8.0,250.0,0,1,0,0.0,416.16,0,0,0
502,180,4.0,2.9,4.0,320.0,0,1,0,0.0,134.56,0,0,0
503,229,4.0,2.9,8.0,320.0,0,1,0,0.0,134.56,0,0,0
504,269,4.0,3.4,8.0,2048.0,0,1,0,0.0,184.96,0,0,0
505,197,4.0,2.9,4.0,320.0,0,1,0,0.0,134.56,0,0,0
506,330,6.0,3.1,8.0,2048.0,0,1,0,0.0,345.9600000000001,0,0,0
507,297,4.0,3.2,16.0,2048.0,0,1,0,0.0,163.84000000000003,0,0,0
508,224,4.0,3.2,8.0,1024.0,0,1,0,0.0,163.84000000000003,0,0,0
509,247,4.0,3.2,8.0,2048.0,0,1,0,0.0,163.84000000000003,0,0,0
510,303,6.0,3.4,8.0,1024.0,0,1,0,0.0,416.16,0,0,0
511,284,4.0,3.2,8.0,2048.0,0,1,0,0.0,163.84000000000003,0,0,0
512,320,6.0,3.4,8.0,2048.0,0,1,0,0.0,416.16,0,0,0
513,234,4.0,3.2,8.0,1024.0,0,1,0,0.0,163.84000000000003,0,0,0
514,280,4.0,3.2,8.0,2048.0,0,1,0,0.0,163.84000000000003,0,0,0
515,292,6.0,3.4,8.0,250.0,0,1,0,0.0,416.16,0,0,0
516,162,4.0,3.1,4.0,250.0,0,1,0,0.0,153.76000000000005,0,0,0
517,164,2.0,3.4,4.0,500.0,0,1,0,0.0,46.24,0,0,0
518,184,4.0,3.1,8.0,250.0,0,1,0,0.0,153.76000000000005,0,0,0
519,205,4.0,3.2,8.0,250.0,0,1,0,0.0,163.84000000000003,0,0,0
520,241,4.0,3.2,8.0,2048.0,0,1,0,0.0,163.84000000000003,0,0,0
521,239,4.0,3.2,8.0,2048.0,0,1,0,0.0,163.84000000000003,0,0,0
522,180,4.0,3.1,4.0,1024.0,0,1,0,0.0,153.76000000000005,0,0,0
523,364,6.0,3.4,16.0,2048.0,0,1,0,0.0,416.16,0,0,0
524,623,6.0,3.6,8.0,2048.0,0,1,0,0.0,466.56000000000006,0,0,0
525,222,4.0,3.1,8.0,2048.0,0,1,0,0.0,153.76000000000005,0,0,0
526,104,4.0,2.4,4.0,250.0,0,1,0,0.0,92.16,0,0,0
527,133,4.0,2.4,4.0,1024.0,0,1,0,0.0,92.16,0,0,0
528,222,4.0,3.1,8.0,1024.0,0,1,0,0.0,153.76000000000005,0,0,0
529,370,6.0,3.4,16.0,2048.0,0,1,0,0.0,416.16,0,0,0
530,289,4.0,3.2,16.0,2048.0,0,1,0,0.0,163.84000000000003,0,0,0
531,220,4.0,3.2,8.0,1024.0,0,1,0,0.0,163.84000000000003,0,0,0
532,351,6.0,3.4,8.0,1024.0,0,1,0,0.0,416.16,0,0,0
533,280,6.0,3.4,8.0,1024.0,0,1,0,0.0,416.16,0,0,0
534,246,4.0,3.1,4.0,1024.0,0,1,0,0.0,153.76000000000005,0,0,0
535,177,4.0,2.8,4.0,1024.0,0,1,0,0.0,125.43999999999998,0,0,0
536,260,4.0,3.1,8.0,2048.0,0,1,0,0.0,153.76000000000005,0,0,0
537,371,6.0,3.4,8.0,2048.0,0,1,0,0.0,416.16,0,0,0
538,333,6.0,3.4,8.0,250.0,0,1,0,0.0,416.16,0,0,0
539,194,4.0,3.2,4.0,1024.0,0,1,0,0.0,163.84000000000003,0,0,0
540,189,4.0,3.2,8.0,250.0,0,1,0,0.0,163.84000000000003,0,0,0
541,225,4.0,3.2,8.0,2048.0,0,1,0,0.0,163.84000000000003,0,0,0
542,304,4.0,3.1,16.0,2048.0,0,1,0,0.0,153.76000000000005,0,0,0
543,321,4.0,3.1,16.0,2048.0,0,1,0,0.0,153.76000000000005,0,0,0
544,364,6.0,3.4,16.0,2048.0,0,1,0,0.0,416.16,0,0,0
545,274,4.0,3.4,8.0,2048.0,0,1,0,0.0,184.96,0,0,0
546,407,6.0,3.4,16.0,2048.0,0,1,0,0.0,416.16,0,0,0
547,145,4.0,2.4,4.0,1024.0,0,1,0,0.0,92.16,0,0,0
548,271,4.0,3.1,8.0,2048.0,0,1,0,0.0,153.76000000000005,0,0,0
549,322,4.0,3.4,16.0,2048.0,0,1,0,0.0,184.96,0,0,0
550,189,4.0,3.1,4.0,1024.0,0,1,0,0.0,153.76000000000005,0,0,0
551,290,6.0,3.4,8.0,2048.0,0,1,0,0.0,416.16,0,0,0
552,234,4.0,3.4,4.0,1024.0,0,1,0,0.0,184.96,0,0,0
553,309,6.0,3.4,8.0,2048.0,0,1,0,0.0,416.16,0,0,0
554,243,4.0,3.1,8.0,250.0,0,1,0,0.0,153.76000000000005,0,0,0
555,311,4.0,3.2,16.0,2048.0,0,1,0,0.0,163.84000000000003,0,0,0
556,407,6.0,3.4,16.0,2048.0,0,1,0,0.0,416.16,0,0,0
557,206,4.0,3.2,4.0,250.0,0,1,0,0.0,163.84000000000003,0,0,0
558,421,6.0,3.4,16.0,2048.0,0,1,0,0.0,416.16,0,0,0
559,222,4.0,3.1,4.0,250.0,0,1,0,0.0,153.76000000000005,0,0,0
560,324,4.0,3.4,16.0,2048.0,0,1,0,0.0,184.96,0,0,0
561,303,6.0,3.4,8.0,1024.0,0,1,0,0.0,416.16,0,0,0
562,231,4.0,3.2,8.0,250.0,0,1,0,0.0,163.84000000000003,0,0,0
563,148,2.0,3.3,4.0,250.0,0,1,0,0.0,43.56,0,0,0
564,187,4.0,3.2,4.0,250.0,0,1,0,0.0,163.84000000000003,0,0,0
565,274,4.0,3.2,8.0,2048.0,0,1,0,0.0,163.84000000000003,0,0,0
566,256,4.0,3.4,8.0,1024.0,0,1,0,0.0,184.96,0,0,0
567,307,4.0,3.2,16.0,2048.0,0,1,0,0.0,163.84000000000003,0,0,0
568,327,4.0,3.2,16.0,2048.0,0,1,0,0.0,163.84000000000003,0,0,0
569,259,4.0,3.2,8.0,1024.0,0,1,0,0.0,163.84000000000003,0,0,0
570,283,4.0,3.1,16.0,2048.0,0,1,0,0.0,153.76000000000005,0,0,0
571,217,4.0,3.2,4.0,1024.0,0,1,0,0.0,163.84000000000003,0,0,0
572,174,4.0,2.4,8.0,1024.0,0,1,0,0.0,92.16,0,0,0
573,242,4.0,3.2,4.0,250.0,0,1,0,0.0,163.84000000000003,0,0,0
574,263,4.0,3.2,8.0,500.0,0,1,0,0.0,163.84000000000003,0,0,0
575,176,2.0,2.3,8.0,1024.0,0,1,0,0.0,21.16,0,0,0
576,111,2.0,2.3,4.0,500.0,0,1,0,0.0,21.16,0,0,0
577,149,2.0,3.0,8.0,1024.0,0,1,0,0.0,36.0,0,0,0
578,132,2.0,3.0,4.0,750.0,0,1,0,0.0,36.0,0,0,0
579,170,2.0,3.0,8.0,1024.0,0,1,0,0.0,36.0,0,0,0
580,178,2.0,3.3,4.0,1024.0,0,1,0,0.0,43.56,0,0,0
581,344,4.0,3.0,16.0,2048.0,0,1,0,0.0,144.0,0,0,0
582,272,4.0,3.0,4.0,2048.0,0,1,0,0.0,144.0,0,0,0
583,131,2.0,2.9,4.0,250.0,0,1,0,0.0,33.64,0,0,0
584,286,4.0,3.2,16.0,2048.0,0,1,0,0.0,163.84000000000003,0,0,0
585,244,4.0,3.0,4.0,250.0,0,1,0,0.0,144.0,0,0,0
586,289,4.0,3.0,8.0,1024.0,0,1,0,0.0,144.0,0,0,0
587,272,4.0,3.0,4.0,1024.0,0,1,0,0.0,144.0,0,0,0
588,273,4.0,3.0,8.0,320.0,0,1,0,0.0,144.0,0,0,0
589,156,2.0,3.1,4.0,500.0,0,1,0,0.0,38.44000000000001,0,0,0
590,79,2.0,2.3,2.0,80.0,0,1,0,0.0,21.16,0,0,0
591,100,2.0,2.3,4.0,160.0,0,1,0,0.0,21.16,0,0,0
592,174,4.0,2.5,4.0,320.0,0,1,0,0.0,100.0,0,0,0
593,329,4.0,3.2,16.0,2048.0,0,1,0,0.0,163.84000000000003,0,0,0
594,212,4.0,3.1,8.0,320.0,0,1,0,0.0,153.76000000000005,0,0,0
595,281,4.0,3.2,16.0,2048.0,0,1,0,0.0,163.84000000000003,0,0,0
596,199,4.0,2.9,4.0,250.0,0,1,0,0.0,134.56,0,0,0
597,161,2.0,3.4,4.0,250.0,0,1,0,0.0,46.24,0,0,0
598,293,4.0,3.2,16.0,2048.0,0,1,0,0.0,163.84000000000003,0,0,0
599,240,4.0,3.2,8.0,320.0,0,1,0,0.0,163.84000000000003,0,0,0
600,159,2.0,3.3,4.0,250.0,0,1,0,0.0,43.56,0,0,0
601,160,2.0,2.9,4.0,250.0,0,1,0,0.0,33.64,0,0,0
602,261,4.0,2.9,4.0,320.0,0,1,0,0.0,134.56,0,0,0
603,285,4.0,3.2,4.0,2048.0,0,1,0,0.0,163.84000000000003,0,0,0
604,232,4.0,3.1,4.0,1024.0,0,1,0,0.0,153.76000000000005,0,0,0
605,184,2.0,3.3,8.0,320.0,0,1,0,0.0,43.56,0,0,0
606,156,2.0,2.9,8.0,320.0,0,1,0,0.0,33.64,0,0,0
607,285,4.0,3.2,8.0,320.0,0,1,0,0.0,163.84000000000003,0,0,0
608,209,2.0,3.3,4.0,2048.0,0,1,0,0.0,43.56,0,0,0
609,270,2.0,3.3,16.0,2048.0,0,1,0,0.0,43.56,0,0,0
610,206,2.0,3.1,8.0,2048.0,0,1,0,0.0,38.44000000000001,0,0,0
611,217,4.0,3.1,8.0,1024.0,0,1,0,0.0,153.76000000000005,0,0,0
612,193,2.0,3.3,4.0,1024.0,0,1,0,0.0,43.56,0,0,0
613,313,6.0,3.1,4.0,500.0,0,1,0,0.0,345.9600000000001,0,0,0
614,288,4.0,3.2,16.0,2048.0,0,1,0,0.0,163.84000000000003,0,0,0
615,647,2.0,2.4,16.0,1024.0,0,0,1,0.0,23.04,0,0,0
616,233,4.0,3.2,8.0,1024.0,0,1,0,0.0,163.84000000000003,0,0,0
617,197,2.0,3.4,4.0,1024.0,0,1,0,0.0,46.24,0,0,0
618,304,4.0,3.2,8.0,1024.0,0,0,1,0.0,163.84000000000003,0,0,0
619,223,2.0,3.3,8.0,2048.0,0,1,0,0.0,43.56,0,0,0
620,277,4.0,3.0,8.0,320.0,0,1,0,0.0,144.0,0,0,0
621,341,4.0,3.2,4.0,1024.0,0,1,0,0.0,163.84000000000003,0,0,0
622,229,6.0,2.9,4.0,1024.0,0,1,0,0.0,302.75999999999993,0,0,0
623,319,4.0,3.2,16.0,2048.0,0,1,0,0.0,163.84000000000003,0,0,0
624,311,6.0,2.8,8.0,1024.0,0,1,0,0.0,282.2399999999999,0,0,0
625,295,6.0,2.9,16.0,1024.0,0,1,0,0.0,302.75999999999993,0,0,0
626,379,4.0,3.1,4.0,1024.0,0,1,0,0.0,153.76000000000005,0,0,0
627,231,4.0,3.2,4.0,1024.0,0,1,0,0.0,163.84000000000003,0,0,0
628,399,6.0,2.8,8.0,320.0,0,1,0,0.0,282.2399999999999,0,0,0
629,340,4.0,3.2,4.0,1024.0,0,1,0,0.0,163.84000000000003,0,0,0
630,339,4.0,3.2,16.0,1024.0,0,1,0,0.0,163.84000000000003,0,0,0
631,294,4.0,3.0,8.0,1024.0,0,1,0,0.0,144.0,0,0,0
632,200,2.0,3.3,4.0,1024.0,0,1,0,0.0,43.56,0,0,0
633,319,2.0,3.4,4.0,2048.0,0,1,0,0.0,46.24,0,0,0
634,194,2.0,3.1,8.0,2048.0,0,1,0,0.0,38.44000000000001,0,0,0
635,351,4.0,3.2,16.0,2048.0,0,1,0,0.0,163.84000000000003,0,0,0
636,189,2.0,2.9,4.0,1024.0,0,1,0,0.0,33.64,0,0,0
637,194,4.0,3.1,4.0,250.0,0,1,0,0.0,153.76000000000005,0,0,0
638,216,4.0,3.1,4.0,1024.0,0,1,0,0.0,153.76000000000005,0,0,0
639,242,4.0,3.1,8.0,1024.0,0,1,0,0.0,153.76000000000005,0,0,0
640,225,2.0,2.9,8.0,2048.0,0,1,0,0.0,33.64,0,0,0
641,283,4.0,3.2,8.0,320.0,0,1,0,0.0,163.84000000000003,0,0,0
642,172,2.0,2.9,8.0,1024.0,0,1,0,0.0,33.64,0,0,0
643,289,4.0,3.2,8.0,320.0,0,1,0,0.0,163.84000000000003,0,0,0
644,471,6.0,3.4,8.0,1024.0,0,1,0,0.0,416.16,0,0,0
645,359,4.0,3.2,4.0,1024.0,0,1,0,0.0,163.84000000000003,0,0,0
646,128,2.0,2.9,4.0,250.0,0,1,0,0.0,33.64,0,0,0
647,156,2.0,2.9,4.0,2048.0,0,1,0,0.0,33.64,0,0,0
648,377,4.0,3.2,4.0,2048.0,0,1,0,0.0,163.84000000000003,0,0,0
649,275,4.0,3.1,16.0,1024.0,0,1,0,0.0,153.76000000000005,0,0,0
650,178,2.0,2.9,8.0,2048.0,0,1,0,0.0,33.64,0,0,0
651,299,4.0,3.2,4.0,2048.0,0,1,0,0.0,163.84000000000003,0,0,0
652,165,2.0,3.3,4.0,250.0,0,1,0,0.0,43.56,0,0,0
653,198,2.0,3.3,8.0,2048.0,0,1,0,0.0,43.56,0,0,0
654,146,2.0,3.3,4.0,250.0,0,1,0,0.0,43.56,0,0,0
655,346,4.0,3.2,4.0,2048.0,0,1,0,0.0,163.84000000000003,0,0,0
656,308,4.0,3.2,8.0,1024.0,0,1,0,0.0,163.84000000000003,0,0,0
657,211,4.0,3.2,4.0,1024.0,0,1,0,0.0,163.84000000000003,0,0,0
658,267,4.0,3.1,16.0,2048.0,0,1,0,0.0,153.76000000000005,0,0,0
659,227,2.0,3.3,8.0,2048.0,0,1,0,0.0,43.56,0,0,0
660,303,4.0,3.2,8.0,2048.0,0,1,0,0.0,163.84000000000003,0,0,0
661,275,4.0,3.1,16.0,2048.0,0,1,0,0.0,153.76000000000005,0,0,0
662,548,2.0,2.0,8.0,320.0,0,1,0,0.0,16.0,0,0,0
663,270,2.0,3.3,16.0,2048.0,0,1,0,0.0,43.56,0,0,0
664,252,4.0,3.2,4.0,2048.0,0,1,0,0.0,163.84000000000003,0,0,0
665,258,4.0,3.2,8.0,2048.0,0,1,0,0.0,163.84000000000003,0,0,0
666,217,4.0,3.2,4.0,2048.0,0,1,0,0.0,163.84000000000003,0,0,0
667,135,2.0,3.1,4.0,250.0,0,1,0,0.0,38.44000000000001,0,0,0
668,278,2.0,3.4,4.0,2048.0,0,1,0,0.0,46.24,0,0,0
669,267,4.0,3.1,16.0,2048.0,0,1,0,0.0,153.76000000000005,0,0,0
670,194,2.0,3.3,4.0,2048.0,0,1,0,0.0,43.56,0,0,0
671,255,4.0,3.1,8.0,1024.0,0,1,0,0.0,153.76000000000005,0,0,0
672,145,2.0,2.9,4.0,250.0,0,1,0,0.0,33.64,0,0,0
673,200,2.0,3.3,8.0,320.0,0,1,0,0.0,43.56,0,0,0
674,211,4.0,3.2,4.0,1024.0,0,1,0,0.0,163.84000000000003,0,0,0
675,219,2.0,3.4,8.0,1024.0,0,1,0,0.0,46.24,0,0,0
676,177,2.0,3.3,4.0,250.0,0,1,0,0.0,43.56,0,0,0
677,172,2.0,3.1,4.0,2048.0,0,1,0,0.0,38.44000000000001,0,0,0
678,456,6.0,3.4,8.0,320.0,0,1,0,0.0,416.16,0,0,0
679,430,6.0,3.4,8.0,1024.0,0,1,0,0.0,416.16,0,0,0
680,346,4.0,3.2,4.0,2048.0,0,1,0,0.0,163.84000000000003,0,0,0
681,259,4.0,3.1,4.0,2048.0,0,1,0,0.0,153.76000000000005,0,0,0
682,315,6.0,3.4,4.0,250.0,0,1,0,0.0,416.16,0,0,0
683,327,4.0,3.2,4.0,250.0,0,1,0,0.0,163.84000000000003,0,0,0
684,263,4.0,3.1,16.0,2048.0,0,1,0,0.0,153.76000000000005,0,0,0
685,242,4.0,3.2,8.0,320.0,0,1,0,0.0,163.84000000000003,0,0,0
686,265,2.0,3.3,16.0,1024.0,0,1,0,0.0,43.56,0,0,0
687,261,2.0,3.4,8.0,320.0,0,1,0,0.0,46.24,0,0,0
688,183,4.0,3.1,4.0,250.0,0,1,0,0.0,153.76000000000005,0,0,0
689,181,2.0,3.3,4.0,1024.0,0,1,0,0.0,43.56,0,0,0
690,251,6.0,2.9,8.0,1024.0,0,1,0,0.0,302.75999999999993,0,0,0
691,256,4.0,3.2,4.0,2048.0,0,1,0,0.0,163.84000000000003,0,0,0
692,294,4.0,3.2,16.0,1024.0,0,1,0,0.0,163.84000000000003,0,0,0
693,169,4.0,3.2,4.0,1024.0,0,1,0,0.0,163.84000000000003,0,0,0
694,581,2.0,2.0,8.0,2048.0,0,1,0,0.0,16.0,0,0,0
695,227,4.0,2.9,8.0,1024.0,0,1,0,0.0,134.56,0,0,0
696,338,6.0,3.4,4.0,2048.0,0,1,0,0.0,416.16,0,0,0
697,198,2.0,3.3,4.0,1024.0,0,1,0,0.0,43.56,0,0,0
698,151,2.0,2.9,4.0,1024.0,0,1,0,0.0,33.64,0,0,0
699,194,4.0,3.1,4.0,1024.0,0,1,0,0.0,153.76000000000005,0,0,0
700,209,2.0,3.3,4.0,2048.0,0,1,0,0.0,43.56,0,0,0
701,219,4.0,3.1,8.0,1024.0,0,1,0,0.0,153.76000000000005,0,0,0
702,123,2.0,2.9,4.0,250.0,0,1,0,0.0,33.64,0,0,0
703,338,4.0,3.0,16.0,1024.0,0,1,0,0.0,144.0,0,0,0
704,202,2.0,3.3,8.0,2048.0,0,1,0,0.0,43.56,0,0,0
705,220,2.0,3.3,8.0,2048.0,0,1,0,0.0,43.56,0,0,0
706,200,4.0,3.1,8.0,320.0,0,1,0,0.0,153.76000000000005,0,0,0
707,273,4.0,3.2,8.0,320.0,0,1,0,0.0,163.84000000000003,0,0,0
708,200,4.0,3.1,4.0,2048.0,0,1,0,0.0,153.76000000000005,0,0,0
709,344,6.0,3.4,8.0,1024.0,0,1,0,0.0,416.16,0,0,0
710,194,2.0,3.1,8.0,2048.0,0,1,0,0.0,38.44000000000001,0,0,0
711,194,2.0,2.9,4.0,2048.0,0,1,0,0.0,33.64,0,0,0
712,333,6.0,3.4,4.0,1024.0,0,1,0,0.0,416.16,0,0,0
713,294,4.0,3.2,16.0,2048.0,0,1,0,0.0,163.84000000000003,0,0,0
714,163,2.0,2.9,4.0,2048.0,0,1,0,0.0,33.64,0,0,0
715,204,2.0,3.1,8.0,2048.0,0,1,0,0.0,38.44000000000001,0,0,0
716,221,4.0,3.2,8.0,320.0,0,1,0,0.0,163.84000000000003,0,0,0
717,247,4.0,3.2,8.0,1024.0,0,1,0,0.0,163.84000000000003,0,0,0
718,259,4.0,3.1,8.0,2048.0,0,1,0,0.0,153.76000000000005,0,0,0
719,174,2.0,3.1,4.0,2048.0,0,1,0,0.0,38.44000000000001,0,0,0
720,236,4.0,3.2,4.0,2048.0,0,1,0,0.0,163.84000000000003,0,0,0
721,194,2.0,3.3,8.0,320.0,0,1,0,0.0,43.56,0,0,0
722,272,2.0,3.4,8.0,1024.0,0,1,0,0.0,46.24,0,0,0
723,240,4.0,3.1,4.0,2048.0,0,1,0,0.0,153.76000000000005,0,0,0
724,345,6.0,2.8,8.0,2048.0,0,1,0,0.0,282.2399999999999,0,0,0
725,145,4.0,3.2,4.0,250.0,0,1,0,0.0,163.84000000000003,0,0,0
726,199,2.0,3.1,4.0,2048.0,0,1,0,0.0,38.44000000000001,0,0,0
727,252,4.0,3.2,4.0,250.0,0,1,0,0.0,163.84000000000003,0,0,0
728,173,2.0,3.1,4.0,2048.0,0,1,0,0.0,38.44000000000001,0,0,0
729,307,4.0,3.1,16.0,1024.0,0,1,0,0.0,153.76000000000005,0,0,0
730,340,4.0,3.2,4.0,250.0,0,1,0,0.0,163.84000000000003,0,0,0
731,212,4.0,3.2,4.0,1024.0,0,1,0,0.0,163.84000000000003,0,0,0
732,384,4.0,3.2,8.0,320.0,0,1,0,0.0,163.84000000000003,0,0,0
733,198,2.0,3.3,4.0,2048.0,0,1,0,0.0,43.56,0,0,0
734,285,4.0,3.1,16.0,2048.0,0,1,0,0.0,153.76000000000005,0,0,0
735,327,6.0,3.1,8.0,1024.0,0,1,0,0.0,345.9600000000001,0,0,0
736,162,2.0,3.1,4.0,1024.0,0,1,0,0.0,38.44000000000001,0,0,0
737,140,2.0,3.1,4.0,250.0,0,1,0,0.0,38.44000000000001,0,0,0
738,204,4.0,3.2,4.0,1024.0,0,1,0,0.0,163.84000000000003,0,0,0
739,239,4.0,3.2,8.0,2048.0,0,1,0,0.0,163.84000000000003,0,0,0
740,263,4.0,3.2,4.0,250.0,0,1,0,0.0,163.84000000000003,0,0,0
741,283,2.0,3.4,8.0,320.0,0,1,0,0.0,46.24,0,0,0
742,188,2.0,2.9,8.0,2048.0,0,1,0,0.0,33.64,0,0,0
743,297,4.0,3.1,16.0,2048.0,0,1,0,0.0,153.76000000000005,0,0,0
744,259,2.0,3.3,16.0,1024.0,0,1,0,0.0,43.56,0,0,0
745,251,2.0,3.4,8.0,320.0,0,1,0,0.0,46.24,0,0,0
746,194,4.0,3.2,4.0,250.0,0,1,0,0.0,163.84000000000003,0,0,0
747,211,2.0,3.4,8.0,1024.0,0,1,0,0.0,46.24,0,0,0
748,294,6.0,2.8,4.0,1024.0,0,1,0,0.0,282.2399999999999,0,0,0
749,222,4.0,3.1,4.0,2048.0,0,1,0,0.0,153.76000000000005,0,0,0
750,311,2.0,3.4,16.0,1024.0,0,1,0,0.0,46.24,0,0,0
751,371,4.0,3.2,8.0,1024.0,0,1,0,0.0,163.84000000000003,0,0,0
752,335,2.0,3.4,8.0,2048.0,0,1,0,0.0,46.24,0,0,0
753,308,4.0,3.2,8.0,1024.0,0,1,0,0.0,163.84000000000003,0,0,0
754,284,4.0,3.2,8.0,1024.0,0,1,0,0.0,163.84000000000003,0,0,0
755,565,2.0,2.0,8.0,1024.0,0,1,0,0.0,16.0,0,0,0
756,164,2.0,3.1,4.0,1024.0,0,1,0,0.0,38.44000000000001,0,0,0
757,190,2.0,3.4,4.0,1024.0,0,1,0,0.0,46.24,0,0,0
758,234,2.0,3.3,8.0,1024.0,0,1,0,0.0,43.56,0,0,0
759,201,4.0,3.1,4.0,250.0,0,1,0,0.0,153.76000000000005,0,0,0
760,260,4.0,3.1,8.0,2048.0,0,1,0,0.0,153.76000000000005,0,0,0
761,285,4.0,3.1,16.0,2048.0,0,1,0,0.0,153.76000000000005,0,0,0
762,351,4.0,3.2,8.0,320.0,0,1,0,0.0,163.84000000000003,0,0,0
763,166,2.0,3.1,8.0,320.0,0,1,0,0.0,38.44000000000001,0,0,0
764,255,2.0,3.3,16.0,1024.0,0,1,0,0.0,43.56,0,0,0
765,257,2.0,3.3,16.0,1024.0,0,1,0,0.0,43.56,0,0,0
766,277,2.0,3.4,8.0,2048.0,0,1,0,0.0,46.24,0,0,0
767,199,2.0,3.1,8.0,1024.0,0,1,0,0.0,38.44000000000001,0,0,0
768,272,4.0,3.0,4.0,1024.0,0,1,0,0.0,144.0,0,0,0
769,275,4.0,3.2,8.0,2048.0,0,1,0,0.0,163.84000000000003,0,0,0
770,242,4.0,3.2,8.0,1024.0,0,1,0,0.0,163.84000000000003,0,0,0
771,254,4.0,3.2,8.0,1024.0,0,1,0,0.0,163.84000000000003,0,0,0
772,301,6.0,2.9,16.0,2048.0,0,1,0,0.0,302.75999999999993,0,0,0
773,163,2.0,2.9,8.0,320.0,0,1,0,0.0,33.64,0,0,0
774,659,2.0,2.0,16.0,1024.0,0,1,0,0.0,16.0,0,0,0
775,269,4.0,3.1,16.0,1024.0,0,1,0,0.0,153.76000000000005,0,0,0
776,214,2.0,2.9,8.0,2048.0,0,1,0,0.0,33.64,0,0,0
777,248,2.0,3.4,4.0,1024.0,0,1,0,0.0,46.24,0,0,0
778,231,4.0,3.1,4.0,1024.0,0,1,0,0.0,153.76000000000005,0,0,0
779,255,2.0,3.4,4.0,2048.0,0,1,0,0.0,46.24,0,0,0
780,304,4.0,3.2,8.0,2048.0,0,1,0,0.0,163.84000000000003,0,0,0
781,203,2.0,3.3,4.0,2048.0,0,1,0,0.0,43.56,0,0,0
782,239,4.0,3.2,8.0,2048.0,0,1,0,0.0,163.84000000000003,0,0,0
783,353,4.0,3.2,4.0,2048.0,0,1,0,0.0,163.84000000000003,0,0,0
784,185,2.0,3.3,4.0,2048.0,0,1,0,0.0,43.56,0,0,0
785,202,4.0,3.2,4.0,320.0,0,1,0,0.0,163.84000000000003,0,0,0
786,215,2.0,3.1,8.0,1024.0,0,1,0,0.0,38.44000000000001,0,0,0
787,259,4.0,3.1,8.0,2048.0,0,1,0,0.0,153.76000000000005,0,0,0
788,202,2.0,3.3,4.0,1024.0,0,1,0,0.0,43.56,0,0,0
789,218,2.0,3.3,8.0,1024.0,0,1,0,0.0,43.56,0,0,0
790,311,2.0,3.4,16.0,2048.0,0,1,0,0.0,46.24,0,0,0
791,277,4.0,3.2,8.0,2048.0,0,1,0,0.0,163.84000000000003,0,0,0
792,317,4.0,3.0,8.0,2048.0,0,1,0,0.0,144.0,0,0,0
793,229,4.0,3.1,4.0,1024.0,0,1,0,0.0,153.76000000000005,0,0,0
794,178,2.0,2.9,4.0,2048.0,0,1,0,0.0,33.64,0,0,0
795,279,4.0,3.2,4.0,1024.0,0,1,0,0.0,163.84000000000003,0,0,0
796,294,6.0,2.8,4.0,1024.0,0,1,0,0.0,282.2399999999999,0,0,0
797,316,2.0,3.4,16.0,2048.0,0,1,0,0.0,46.24,0,0,0
798,212,2.0,3.3,8.0,1024.0,0,1,0,0.0,43.56,0,0,0
799,218,4.0,3.2,4.0,2048.0,0,1,0,0.0,163.84000000000003,0,0,0
800,174,2.0,3.3,8.0,320.0,0,1,0,0.0,43.56,0,0,0
801,217,4.0,3.2,8.0,320.0,0,1,0,0.0,163.84000000000003,0,0,0
802,158,2.0,2.9,4.0,1024.0,0,1,0,0.0,33.64,0,0,0
803,198,2.0,3.3,4.0,1024.0,0,1,0,0.0,43.56,0,0,0
804,278,2.0,3.3,16.0,2048.0,0,1,0,0.0,43.56,0,0,0
805,167,4.0,3.1,4.0,250.0,0,1,0,0.0,153.76000000000005,0,0,0
806,188,2.0,3.1,4.0,1024.0,0,1,0,0.0,38.44000000000001,0,0,0
807,183,2.0,3.1,4.0,2048.0,0,1,0,0.0,38.44000000000001,0,0,0
808,183,2.0,3.3,4.0,1024.0,0,1,0,0.0,43.56,0,0,0
809,200,4.0,3.1,4.0,2048.0,0,1,0,0.0,153.76000000000005,0,0,0
810,203,2.0,3.3,8.0,2048.0,0,1,0,0.0,43.56,0,0,0
811,176,2.0,3.1,4.0,2048.0,0,1,0,0.0,38.44000000000001,0,0,0
812,148,1.0,3.2,4.0,250.0,0,1,0,0.0,10.240000000000002,0,0,0
813,262,4.0,3.2,4.0,1024.0,0,1,0,0.0,163.84000000000003,0,0,0
814,204,2.0,3.1,8.0,320.0,0,1,0,0.0,38.44000000000001,0,0,0
815,198,2.0,3.1,8.0,1024.0,0,1,0,0.0,38.44000000000001,0,0,0
816,207,4.0,3.1,4.0,320.0,0,1,0,0.0,153.76000000000005,0,0,0
817,208,2.0,3.3,8.0,320.0,0,1,0,0.0,43.56,0,0,0
818,257,4.0,3.1,16.0,1024.0,0,1,0,0.0,153.76000000000005,0,0,0
819,272,2.0,3.4,4.0,1024.0,0,1,0,0.0,46.24,0,0,0
820,235,6.0,2.9,4.0,2048.0,0,1,0,0.0,302.75999999999993,0,0,0
821,144,2.0,3.1,4.0,250.0,0,1,0,0.0,38.44000000000001,0,0,0
822,405,4.0,3.2,8.0,1024.0,0,1,0,0.0,163.84000000000003,0,0,0
823,229,2.0,3.3,8.0,2048.0,0,1,0,0.0,43.56,0,0,0
824,163,2.0,2.9,8.0,320.0,0,1,0,0.0,33.64,0,0,0
825,429,4.0,3.2,16.0,1024.0,0,1,0,0.0,163.84000000000003,0,0,0
826,222,4.0,3.1,4.0,250.0,0,1,0,0.0,153.76000000000005,0,0,0
827,305,6.0,2.8,4.0,2048.0,0,1,0,0.0,282.2399999999999,0,0,0
828,246,2.0,3.3,16.0,1024.0,0,1,0,0.0,43.56,0,0,0
829,254,4.0,3.1,4.0,1024.0,0,1,0,0.0,153.76000000000005,0,0,0
830,167,2.0,3.1,4.0,1024.0,0,1,0,0.0,38.44000000000001,0,0,0
831,222,2.0,3.3,8.0,2048.0,0,1,0,0.0,43.56,0,0,0
832,415,4.0,3.2,16.0,2048.0,0,1,0,0.0,163.84000000000003,0,0,0
833,210,2.0,3.1,8.0,1024.0,0,1,0,0.0,38.44000000000001,0,0,0
834,180,2.0,3.1,8.0,320.0,0,1,0,0.0,38.44000000000001,0,0,0
835,369,6.0,2.8,16.0,2048.0,0,1,0,0.0,282.2399999999999,0,0,0
836,228,4.0,3.2,4.0,1024.0,0,1,0,0.0,163.84000000000003,0,0,0
837,410,4.0,3.2,8.0,320.0,0,1,0,0.0,163.84000000000003,0,0,0
838,349,4.0,3.1,4.0,250.0,0,1,0,0.0,153.76000000000005,0,0,0
839,258,4.0,3.2,8.0,1024.0,0,1,0,0.0,163.84000000000003,0,0,0
840,277,4.0,3.2,4.0,1024.0,0,1,0,0.0,163.84000000000003,0,0,0
841,273,4.0,3.2,16.0,1024.0,0,1,0,0.0,163.84000000000003,0,0,0
842,282,2.0,3.4,4.0,250.0,0,1,0,0.0,46.24,0,0,0
843,217,4.0,3.1,8.0,1024.0,0,1,0,0.0,153.76000000000005,0,0,0
844,254,4.0,3.2,8.0,2048.0,0,1,0,0.0,163.84000000000003,0,0,0
845,219,2.0,3.3,8.0,2048.0,0,1,0,0.0,43.56,0,0,0
846,239,2.0,3.3,16.0,1024.0,0,1,0,0.0,43.56,0,0,0
847,144,2.0,3.1,4.0,1024.0,0,1,0,0.0,38.44000000000001,0,0,0
848,212,4.0,3.1,8.0,320.0,0,1,0,0.0,153.76000000000005,0,0,0
849,229,2.0,3.3,8.0,1024.0,0,1,0,0.0,43.56,0,0,0
850,218,2.0,3.3,8.0,1024.0,0,1,0,0.0,43.56,0,0,0
851,293,2.0,3.4,8.0,1024.0,0,1,0,0.0,46.24,0,0,0
852,195,4.0,3.1,4.0,1024.0,0,1,0,0.0,153.76000000000005,0,0,0
853,267,2.0,3.3,16.0,2048.0,0,1,0,0.0,43.56,0,0,0
854,193,4.0,3.2,4.0,320.0,0,1,0,0.0,163.84000000000003,0,0,0
855,156,2.0,2.9,4.0,2048.0,0,1,0,0.0,33.64,0,0,0
856,220,4.0,3.2,4.0,250.0,0,1,0,0.0,163.84000000000003,0,0,0
857,172,2.0,3.3,4.0,1024.0,0,1,0,0.0,43.56,0,0,0
858,263,2.0,3.3,16.0,2048.0,0,1,0,0.0,43.56,0,0,0
859,397,4.0,3.2,8.0,1024.0,0,1,0,0.0,163.84000000000003,0,0,0
860,277,4.0,3.0,4.0,2048.0,0,1,0,0.0,144.0,0,0,0
861,198,2.0,3.4,8.0,320.0,0,1,0,0.0,46.24,0,0,0
862,264,4.0,3.1,8.0,2048.0,0,1,0,0.0,153.76000000000005,0,0,0
863,458,4.0,3.2,16.0,2048.0,0,1,0,0.0,163.84000000000003,0,0,0
864,176,2.0,3.3,4.0,1024.0,0,1,0,0.0,43.56,0,0,0
865,224,2.0,3.4,8.0,2048.0,0,1,0,0.0,46.24,0,0,0
866,192,2.0,3.1,8.0,1024.0,0,1,0,0.0,38.44000000000001,0,0,0
867,203,4.0,3.2,4.0,250.0,0,1,0,0.0,163.84000000000003,0,0,0
868,194,4.0,3.1,4.0,1024.0,0,1,0,0.0,153.76000000000005,0,0,0
869,301,4.0,3.2,8.0,1024.0,0,1,0,0.0,163.84000000000003,0,0,0
870,244,4.0,3.0,4.0,250.0,0,1,0,0.0,144.0,0,0,0
871,214,4.0,3.2,4.0,2048.0,0,1,0,0.0,163.84000000000003,0,0,0
872,367,4.0,3.2,8.0,320.0,0,1,0,0.0,163.84000000000003,0,0,0
873,216,4.0,3.1,8.0,1024.0,0,1,0,0.0,153.76000000000005,0,0,0
874,361,4.0,3.2,8.0,1024.0,0,1,0,0.0,163.84000000000003,0,0,0
875,198,4.0,3.1,8.0,320.0,0,1,0,0.0,153.76000000000005,0,0,0
876,198,2.0,3.3,4.0,1024.0,0,1,0,0.0,43.56,0,0,0
877,177,2.0,3.3,4.0,250.0,0,1,0,0.0,43.56,0,0,0
878,203,4.0,3.2,8.0,1024.0,0,1,0,0.0,163.84000000000003,0,0,0
879,171,2.0,3.3,4.0,250.0,0,1,0,0.0,43.56,0,0,0
880,174,2.0,3.1,8.0,320.0,0,1,0,0.0,38.44000000000001,0,0,0
881,179,2.0,3.1,4.0,1024.0,0,1,0,0.0,38.44000000000001,0,0,0
882,209,4.0,3.1,8.0,320.0,0,1,0,0.0,153.76000000000005,0,0,0
883,200,4.0,3.1,4.0,2048.0,0,1,0,0.0,153.76000000000005,0,0,0
884,261,4.0,3.2,8.0,320.0,0,1,0,0.0,163.84000000000003,0,0,0
885,211,2.0,3.3,8.0,1024.0,0,1,0,0.0,43.56,0,0,0
886,230,4.0,3.1,8.0,320.0,0,1,0,0.0,153.76000000000005,0,0,0
887,593,2.0,2.4,8.0,2048.0,0,0,1,0.0,23.04,0,0,0
888,225,4.0,3.2,4.0,250.0,0,1,0,0.0,163.84000000000003,0,0,0
889,367,4.0,3.2,8.0,2048.0,0,1,0,0.0,163.84000000000003,0,0,0
890,362,4.0,3.2,8.0,1024.0,0,1,0,0.0,163.84000000000003,0,0,0
891,194,2.0,3.1,4.0,1024.0,0,1,0,0.0,38.44000000000001,0,0,0
892,200,4.0,3.1,8.0,320.0,0,1,0,0.0,153.76000000000005,0,0,0
893,209,2.0,3.3,4.0,1024.0,0,1,0,0.0,43.56,0,0,0
894,235,6.0,2.9,8.0,320.0,0,1,0,0.0,302.75999999999993,0,0,0
895,295,4.0,3.2,16.0,2048.0,0,1,0,0.0,163.84000000000003,0,0,0
896,280,4.0,3.2,16.0,1024.0,0,1,0,0.0,163.84000000000003,0,0,0
897,147,2.0,3.1,4.0,250.0,0,1,0,0.0,38.44000000000001,0,0,0
898,167,4.0,3.1,4.0,250.0,0,1,0,0.0,153.76000000000005,0,0,0
899,171,2.0,3.3,4.0,250.0,0,1,0,0.0,43.56,0,0,0
900,393,4.0,2.9,4.0,1024.0,0,1,0,0.0,134.56,0,0,0
901,289,4.0,3.2,8.0,2048.0,0,1,0,0.0,163.84000000000003,0,0,0
902,389,4.0,3.1,4.0,2048.0,0,1,0,0.0,153.76000000000005,0,0,0
903,548,6.0,3.4,8.0,2048.0,0,1,0,0.0,416.16,0,0,0
904,271,4.0,3.1,16.0,1024.0,0,1,0,0.0,153.76000000000005,0,0,0
905,225,4.0,3.2,8.0,320.0,0,1,0,0.0,163.84000000000003,0,0,0
906,202,2.0,3.1,8.0,2048.0,0,1,0,0.0,38.44000000000001,0,0,0
907,227,2.0,3.3,8.0,2048.0,0,1,0,0.0,43.56,0,0,0
908,223,4.0,3.2,4.0,2048.0,0,1,0,0.0,163.84000000000003,0,0,0
909,217,2.0,3.4,4.0,250.0,0,1,0,0.0,46.24,0,0,0
910,203,2.0,2.9,4.0,2048.0,0,1,0,0.0,33.64,0,0,0
911,220,2.0,3.1,8.0,2048.0,0,1,0,0.0,38.44000000000001,0,0,0
912,294,6.0,2.8,8.0,320.0,0,1,0,0.0,282.2399999999999,0,0,0
913,179,2.0,2.9,8.0,1024.0,0,1,0,0.0,33.64,0,0,0
914,203,4.0,3.1,8.0,320.0,0,1,0,0.0,153.76000000000005,0,0,0
915,298,2.0,3.4,8.0,2048.0,0,1,0,0.0,46.24,0,0,0
916,242,4.0,3.1,8.0,2048.0,0,1,0,0.0,153.76000000000005,0,0,0
917,425,4.0,3.2,8.0,2048.0,0,1,0,0.0,163.84000000000003,0,0,0
918,180,2.0,2.9,8.0,1024.0,0,1,0,0.0,33.64,0,0,0
919,268,4.0,3.1,8.0,1024.0,0,1,0,0.0,153.76000000000005,0,0,0
920,257,4.0,3.2,4.0,250.0,0,1,0,0.0,163.84000000000003,0,0,0
921,320,6.0,2.8,8.0,2048.0,0,1,0,0.0,282.2399999999999,0,0,0
922,222,4.0,3.2,8.0,320.0,0,1,0,0.0,163.84000000000003,0,0,0
923,195,4.0,2.4,8.0,2048.0,0,1,0,0.0,92.16,0,0,0
924,189,2.0,3.1,8.0,1024.0,0,1,0,0.0,38.44000000000001,0,0,0
925,172,2.0,3.1,8.0,320.0,0,1,0,0.0,38.44000000000001,0,0,0
926,188,4.0,2.4,8.0,2048.0,0,1,0,0.0,92.16,0,0,0
927,196,4.0,3.4,4.0,250.0,0,1,0,0.0,184.96,0,0,0
928,174,4.0,3.2,4.0,1024.0,0,1,0,0.0,163.84000000000003,0,0,0
929,152,2.0,3.1,4.0,250.0,0,1,0,0.0,38.44000000000001,0,0,0
930,159,4.0,3.2,4.0,250.0,0,1,0,0.0,163.84000000000003,0,0,0
931,164,4.0,3.2,4.0,500.0,0,1,0,0.0,163.84000000000003,0,0,0
932,174,4.0,3.2,4.0,1024.0,0,1,0,0.0,163.84000000000003,0,0,0
933,164,4.0,3.2,4.0,500.0,0,1,0,0.0,163.84000000000003,0,0,0
934,227,4.0,3.2,8.0,2048.0,0,1,0,0.0,163.84000000000003,0,0,0
935,266,6.0,3.4,4.0,250.0,0,1,0,0.0,416.16,0,0,0
936,203,4.0,3.1,4.0,1024.0,0,1,0,0.0,153.76000000000005,0,0,0
937,145,2.0,3.1,4.0,250.0,0,1,0,0.0,38.44000000000001,0,0,0
938,184,4.0,3.2,8.0,320.0,0,1,0,0.0,163.84000000000003,0,0,0
939,114,2.0,3.0,4.0,160.0,0,1,0,0.0,36.0,0,0,0
940,222,4.0,3.2,8.0,1024.0,0,1,0,0.0,163.84000000000003,0,0,0
941,156,2.0,3.3,4.0,250.0,0,1,0,0.0,43.56,0,0,0
942,192,4.0,3.1,4.0,500.0,0,1,0,0.0,153.76000000000005,0,0,0
943,197,4.0,3.2,8.0,320.0,0,1,0,0.0,163.84000000000003,0,0,0
944,134,2.0,3.0,4.0,320.0,0,1,0,0.0,36.0,0,0,0
945,116,2.0,3.0,4.0,160.0,0,1,0,0.0,36.0,0,0,0
946,139,2.0,3.1,4.0,250.0,0,1,0,0.0,38.44000000000001,0,0,0
947,209,4.0,3.1,8.0,320.0,0,1,0,0.0,153.76000000000005,0,0,0
948,131,2.0,3.0,4.0,320.0,0,1,0,0.0,36.0,0,0,0
949,167,2.0,3.1,4.0,1024.0,0,1,0,0.0,38.44000000000001,0,0,0
950,225,4.0,3.1,8.0,1024.0,0,1,0,0.0,153.76000000000005,0,0,0
951,124,2.0,2.3,4.0,750.0,0,1,0,0.0,21.16,0,0,0
952,148,4.0,3.2,4.0,250.0,0,1,0,0.0,163.84000000000003,0,0,0
953,147,2.0,3.1,4.0,250.0,0,1,0,0.0,38.44000000000001,0,0,0
954,167,4.0,3.1,4.0,250.0,0,1,0,0.0,153.76000000000005,0,0,0
955,619,4.0,2.7,8.0,1024.0,0,1,0,0.0,116.64,1,0,0
956,282,4.0,3.2,16.0,1024.0,0,1,0,0.0,163.84000000000003,0,0,0
957,146,2.0,3.3,4.0,250.0,0,1,0,0.0,43.56,0,0,0
958,324,2.0,3.4,4.0,2048.0,0,1,0,0.0,46.24,0,0,0
959,210,4.0,2.9,8.0,500.0,0,1,0,0.0,134.56,0,0,0
960,389,6.0,3.1,8.0,256.0,1,1,0,256.0,345.9600000000001,0,0,0
961,329,2.0,3.4,8.0,320.0,0,1,0,0.0,46.24,0,0,0
962,289,4.0,3.2,16.0,2048.0,0,1,0,0.0,163.84000000000003,0,0,0
963,325,2.0,3.4,8.0,1024.0,0,1,0,0.0,46.24,0,0,0
964,183,2.0,3.3,4.0,1024.0,0,1,0,0.0,43.56,0,0,0
965,259,2.0,3.3,16.0,2048.0,0,1,0,0.0,43.56,0,0,0
966,249,4.0,2.4,16.0,2048.0,0,1,0,0.0,92.16,0,0,0
967,158,4.0,2.4,4.0,500.0,0,1,0,0.0,92.16,0,0,0
968,201,4.0,2.4,8.0,2048.0,0,1,0,0.0,92.16,0,0,0
969,172,2.0,3.1,8.0,320.0,0,1,0,0.0,38.44000000000001,0,0,0
970,305,6.0,2.9,4.0,250.0,0,1,0,0.0,302.75999999999993,0,0,0
971,233,2.0,3.1,16.0,2048.0,0,1,0,0.0,38.44000000000001,0,0,0
972,257,4.0,2.4,16.0,2048.0,0,1,0,0.0,92.16,0,0,0
973,140,2.0,3.1,4.0,160.0,0,1,0,0.0,38.44000000000001,0,0,0
974,193,4.0,2.4,8.0,1024.0,0,1,0,0.0,92.16,0,0,0
975,140,4.0,2.4,4.0,250.0,0,1,0,0.0,92.16,0,0,0
976,191,4.0,2.4,8.0,1024.0,0,1,0,0.0,92.16,0,0,0
977,153,4.0,2.4,4.0,500.0,0,1,0,0.0,92.16,0,0,0
978,149,2.0,3.1,4.0,320.0,0,1,0,0.0,38.44000000000001,0,0,0
979,168,4.0,2.4,4.0,1024.0,0,1,0,0.0,92.16,0,0,0
980,167,4.0,2.4,4.0,1024.0,0,1,0,0.0,92.16,0,0,0
981,304,4.0,3.4,8.0,2048.0,0,1,0,0.0,184.96,0,0,0
982,232,2.0,3.1,16.0,1024.0,0,1,0,0.0,38.44000000000001,0,0,0
983,252,4.0,2.4,16.0,1024.0,0,1,0,0.0,92.16,0,0,0
984,161,2.0,3.1,4.0,1024.0,0,1,0,0.0,38.44000000000001,0,0,0
985,141,4.0,2.4,4.0,250.0,0,1,0,0.0,92.16,0,0,0
986,177,4.0,2.4,8.0,320.0,0,1,0,0.0,92.16,0,0,0
987,183,2.0,3.1,8.0,1024.0,0,1,0,0.0,38.44000000000001,0,0,0
988,194,2.0,3.1,8.0,2048.0,0,1,0,0.0,38.44000000000001,0,0,0
989,230,2.0,3.1,16.0,1024.0,0,1,0,0.0,38.44000000000001,0,0,0
990,172,2.0,2.9,4.0,250.0,0,1,0,0.0,33.64,0,0,0
991,175,4.0,2.4,4.0,1024.0,0,1,0,0.0,92.16,0,0,0
992,236,2.0,3.1,16.0,2048.0,0,1,0,0.0,38.44000000000001,0,0,0
993,196,4.0,2.4,8.0,1024.0,0,1,0,0.0,92.16,0,0,0
994,152,4.0,2.4,4.0,500.0,0,1,0,0.0,92.16,0,0,0
995,174,2.0,3.1,8.0,320.0,0,1,0,0.0,38.44000000000001,0,0,0
996,188,2.0,3.1,8.0,1024.0,0,1,0,0.0,38.44000000000001,0,0,0
997,142,4.0,2.4,4.0,250.0,0,1,0,0.0,92.16,0,0,0
998,272,2.0,3.4,8.0,2048.0,0,1,0,0.0,46.24,0,0,0
999,151,4.0,2.4,4.0,500.0,0,1,0,0.0,92.16,0,0,0
1000,193,2.0,3.1,8.0,2048.0,0,1,0,0.0,38.44000000000001,0,0,0
1001,256,4.0,2.4,16.0,1024.0,0,1,0,0.0,92.16,0,0,0
1002,245,4.0,2.4,16.0,1024.0,0,1,0,0.0,92.16,0,0,0
1003,271,6.0,2.8,4.0,250.0,0,1,0,0.0,282.2399999999999,0,0,0
1004,351,6.0,2.8,8.0,2048.0,0,1,0,0.0,282.2399999999999,0,0,0
1005,283,6.0,2.8,8.0,1024.0,0,1,0,0.0,282.2399999999999,0,0,0
1006,331,6.0,2.8,8.0,2048.0,0,1,0,0.0,282.2399999999999,0,0,0
1007,342,6.0,2.8,8.0,1024.0,0,1,0,0.0,282.2399999999999,0,0,0
1008,280,6.0,2.8,4.0,250.0,0,1,0,0.0,282.2399999999999,0,0,0
1009,291,6.0,2.8,8.0,1024.0,0,1,0,0.0,282.2399999999999,0,0,0
1010,270,6.0,2.8,4.0,250.0,0,1,0,0.0,282.2399999999999,0,0,0
1011,230,6.0,2.8,4.0,250.0,0,1,0,0.0,282.2399999999999,0,0,0
1012,298,6.0,2.8,8.0,2048.0,0,1,0,0.0,282.2399999999999,0,0,0
1013,319,6.0,2.8,8.0,2048.0,0,1,0,0.0,282.2399999999999,0,0,0
1014,326,6.0,2.8,8.0,1024.0,0,1,0,0.0,282.2399999999999,0,0,0
1015,228,6.0,2.8,4.0,250.0,0,1,0,0.0,282.2399999999999,0,0,0
1016,312,6.0,2.8,8.0,1024.0,0,1,0,0.0,282.2399999999999,0,0,0
1017,210,2.0,3.0,16.0,2048.0,0,1,0,0.0,36.0,0,0,0
1018,147,2.0,3.0,8.0,320.0,0,1,0,0.0,36.0,0,0,0
1019,142,2.0,3.0,4.0,1024.0,0,1,0,0.0,36.0,0,0,0
1020,117,2.0,3.0,4.0,160.0,0,1,0,0.0,36.0,0,0,0
1021,211,2.0,3.0,16.0,1024.0,0,1,0,0.0,36.0,0,0,0
1022,205,2.0,3.0,16.0,1024.0,0,1,0,0.0,36.0,0,0,0
1023,152,2.0,3.0,8.0,320.0,0,1,0,0.0,36.0,0,0,0
1024,219,2.0,3.0,16.0,2048.0,0,1,0,0.0,36.0,0,0,0
1025,124,2.0,3.0,4.0,320.0,0,1,0,0.0,36.0,0,0,0
1026,200,4.0,3.1,4.0,320.0,0,1,0,0.0,153.76000000000005,0,0,0
1027,182,4.0,2.5,4.0,250.0,0,1,0,0.0,100.0,0,0,0
1028,200,4.0,3.1,4.0,320.0,0,1,0,0.0,153.76000000000005,0,0,0
1029,153,2.0,3.0,8.0,320.0,0,1,0,0.0,36.0,0,0,0
1030,183,2.0,3.1,4.0,1024.0,0,1,0,0.0,38.44000000000001,0,0,0
1031,140,2.0,3.0,8.0,320.0,0,1,0,0.0,36.0,0,0,0
1032,195,4.0,2.5,4.0,320.0,0,1,0,0.0,100.0,0,0,0
1033,181,2.0,3.1,8.0,320.0,0,1,0,0.0,38.44000000000001,0,0,0
1034,236,4.0,3.1,8.0,320.0,0,1,0,0.0,153.76000000000005,0,0,0
1035,150,2.0,3.0,8.0,1024.0,0,1,0,0.0,36.0,0,0,0
1036,109,1.0,3.0,4.0,160.0,0,1,0,0.0,9.0,0,0,0
1037,189,4.0,3.1,4.0,250.0,0,1,0,0.0,153.76000000000005,0,0,0
1038,209,1.0,3.0,16.0,2048.0,0,1,0,0.0,9.0,0,0,0
1039,203,1.0,3.0,16.0,1024.0,0,1,0,0.0,9.0,0,0,0
1040,151,2.0,3.0,8.0,1024.0,0,1,0,0.0,36.0,0,0,0
1041,205,2.0,3.0,16.0,1024.0,0,1,0,0.0,36.0,0,0,0
1042,148,2.0,3.0,4.0,1024.0,0,1,0,0.0,36.0,0,0,0
1043,215,4.0,3.1,4.0,500.0,0,1,0,0.0,153.76000000000005,0,0,0
1044,98,2.0,1.8,4.0,160.0,0,1,0,0.0,12.96,0,0,0
1045,121,2.0,3.0,4.0,320.0,0,1,0,0.0,36.0,0,0,0
1046,178,2.0,3.1,4.0,1024.0,0,1,0,0.0,38.44000000000001,0,0,0
1047,198,2.0,3.1,8.0,1024.0,0,1,0,0.0,38.44000000000001,0,0,0
1048,121,2.0,3.0,4.0,320.0,0,1,0,0.0,36.0,0,0,0
1049,212,4.0,2.5,8.0,320.0,0,1,0,0.0,100.0,0,0,0
1050,185,4.0,2.4,8.0,1024.0,0,1,0,0.0,92.16,0,0,0
1051,161,1.0,3.0,8.0,2048.0,0,1,0,0.0,9.0,0,0,0
1052,119,2.0,3.0,4.0,750.0,0,1,0,0.0,36.0,0,0,0
1053,104,2.0,3.0,2.0,80.0,0,1,0,0.0,36.0,0,0,0
1054,107,2.0,3.0,4.0,160.0,0,1,0,0.0,36.0,0,0,0
1055,158,2.0,3.0,8.0,1024.0,0,1,0,0.0,36.0,0,0,0
1056,138,2.0,3.0,4.0,1024.0,0,1,0,0.0,36.0,0,0,0
1057,218,4.0,3.1,8.0,500.0,0,1,0,0.0,153.76000000000005,0,0,0
1058,104,2.0,3.0,4.0,160.0,0,1,0,0.0,36.0,0,0,0
1059,121,2.0,3.0,4.0,320.0,0,1,0,0.0,36.0,0,0,0
1060,209,2.0,3.0,16.0,1024.0,0,1,0,0.0,36.0,0,0,0
1061,164,2.0,3.0,8.0,2048.0,0,1,0,0.0,36.0,0,0,0
1062,220,4.0,2.5,4.0,1024.0,0,1,0,0.0,100.0,0,0,0
1063,205,2.0,3.1,8.0,1024.0,0,1,0,0.0,38.44000000000001,0,0,0
1064,110,2.0,3.0,4.0,160.0,0,1,0,0.0,36.0,0,0,0
1065,217,4.0,3.1,4.0,1024.0,0,1,0,0.0,153.76000000000005,0,0,0
1066,121,2.0,3.0,4.0,320.0,0,1,0,0.0,36.0,0,0,0
1067,140,1.0,3.0,8.0,320.0,0,1,0,0.0,9.0,0,0,0
1068,222,2.0,3.0,16.0,2048.0,0,1,0,0.0,36.0,0,0,0
1069,119,1.0,3.0,4.0,320.0,0,1,0,0.0,9.0,0,0,0
1070,130,2.0,3.0,4.0,1024.0,0,1,0,0.0,36.0,0,0,0
1071,210,2.0,3.0,16.0,2048.0,0,1,0,0.0,36.0,0,0,0
1072,213,2.0,3.1,8.0,2048.0,0,1,0,0.0,38.44000000000001,0,0,0
1073,236,4.0,3.1,8.0,1024.0,0,1,0,0.0,153.76000000000005,0,0,0
1074,141,2.0,3.0,8.0,500.0,0,1,0,0.0,36.0,0,0,0
1075,156,2.0,3.0,8.0,1024.0,0,1,0,0.0,36.0,0,0,0
1076,166,1.0,3.0,8.0,1024.0,0,1,0,0.0,9.0,0,0,0
1077,189,4.0,3.1,4.0,250.0,0,1,0,0.0,153.76000000000005,0,0,0
1078,131,2.0,3.0,8.0,750.0,0,1,0,0.0,36.0,0,0,0
1079,217,4.0,3.1,4.0,1024.0,0,1,0,0.0,153.76000000000005,0,0,0
1080,156,2.0,3.1,4.0,250.0,0,1,0,0.0,38.44000000000001,0,0,0
1081,163,2.0,3.0,8.0,2048.0,0,1,0,0.0,36.0,0,0,0
1082,154,2.0,3.0,4.0,750.0,0,1,0,0.0,36.0,0,0,0
1083,97,2.0,2.3,4.0,160.0,0,1,0,0.0,21.16,0,0,0
1084,104,2.0,3.0,2.0,80.0,0,1,0,0.0,36.0,0,0,0
1085,237,4.0,3.1,8.0,1024.0,0,1,0,0.0,153.76000000000005,0,0,0
1086,135,1.0,3.0,4.0,1024.0,0,1,0,0.0,9.0,0,0,0
1087,324,6.0,3.4,8.0,2048.0,0,1,0,0.0,416.16,0,0,0
1088,288,4.0,3.1,16.0,2048.0,0,1,0,0.0,153.76000000000005,0,0,0
1089,276,4.0,3.1,16.0,1024.0,0,1,0,0.0,153.76000000000005,0,0,0
1090,110,2.0,2.1,4.0,500.0,0,1,0,0.0,17.64,0,0,0
1091,87,2.0,2.1,4.0,160.0,0,1,0,0.0,17.64,0,0,0
1092,186,2.0,3.3,4.0,250.0,0,1,0,0.0,43.56,0,0,0
1093,122,2.0,3.0,4.0,320.0,0,1,0,0.0,36.0,0,0,0
1094,133,2.0,3.0,4.0,1024.0,0,1,0,0.0,36.0,0,0,0
1095,139,2.0,3.0,4.0,1024.0,0,1,0,0.0,36.0,0,0,0
1096,98,2.0,1.8,4.0,160.0,0,1,0,0.0,12.96,0,0,0
1097,111,1.0,2.9,4.0,250.0,0,1,0,0.0,8.41,0,0,0
1098,90,2.0,1.8,4.0,160.0,0,1,0,0.0,12.96,0,0,0
1099,76,2.0,2.1,2.0,80.0,0,1,0,0.0,17.64,0,0,0
1100,97,2.0,2.1,4.0,160.0,0,1,0,0.0,17.64,0,0,0
1101,105,2.0,3.0,4.0,160.0,0,1,0,0.0,36.0,0,0,0
1102,105,2.0,1.8,4.0,500.0,0,1,0,0.0,12.96,0,0,0
1103,109,2.0,2.3,4.0,320.0,0,1,0,0.0,21.16,0,0,0
1104,110,2.0,3.0,4.0,160.0,0,1,0,0.0,36.0,0,0,0
1105,106,2.0,2.1,4.0,500.0,0,1,0,0.0,17.64,0,0,0
1106,99,2.0,2.3,4.0,160.0,0,1,0,0.0,21.16,0,0,0
1107,87,2.0,2.3,2.0,80.0,0,1,0,0.0,21.16,0,0,0
1108,123,2.0,2.3,4.0,1024.0,0,1,0,0.0,21.16,0,0,0
1109,104,2.0,1.8,4.0,500.0,0,1,0,0.0,12.96,0,0,0
1110,123,2.0,3.0,4.0,320.0,0,1,0,0.0,36.0,0,0,0
1111,99,2.0,3.0,2.0,80.0,0,1,0,0.0,36.0,0,0,0
1112,87,2.0,2.1,2.0,80.0,0,1,0,0.0,17.64,0,0,0
1113,76,2.0,1.8,2.0,80.0,0,1,0,0.0,12.96,0,0,0
1114,98,2.0,3.0,2.0,80.0,0,1,0,0.0,36.0,0,0,0
1115,397,6.0,3.4,16.0,1024.0,0,1,0,0.0,416.16,0,0,0
1116,302,6.0,2.8,8.0,320.0,0,1,0,0.0,282.2399999999999,0,0,0
1117,245,2.0,3.4,4.0,2048.0,0,1,0,0.0,46.24,0,0,0
1118,277,4.0,3.1,16.0,2048.0,0,1,0,0.0,153.76000000000005,0,0,0
1119,327,6.0,2.8,8.0,2048.0,0,1,0,0.0,282.2399999999999,0,0,0
1120,229,2.0,3.3,8.0,2048.0,0,1,0,0.0,43.56,0,0,0
1121,218,4.0,3.1,8.0,320.0,0,1,0,0.0,153.76000000000005,0,0,0
1122,242,2.0,3.4,4.0,1024.0,0,1,0,0.0,46.24,0,0,0
1123,174,2.0,2.9,4.0,1024.0,0,1,0,0.0,33.64,0,0,0
1124,320,2.0,3.4,4.0,1024.0,0,1,0,0.0,46.24,0,0,0
1125,299,4.0,3.2,16.0,1024.0,0,1,0,0.0,163.84000000000003,0,0,0
1126,310,4.0,3.2,16.0,2048.0,0,1,0,0.0,163.84000000000003,0,0,0
1127,257,2.0,3.3,16.0,1024.0,0,1,0,0.0,43.56,0,0,0
1128,344,6.0,3.4,4.0,2048.0,0,1,0,0.0,416.16,0,0,0
1129,254,2.0,3.4,8.0,320.0,0,1,0,0.0,46.24,0,0,0
1130,288,4.0,3.2,16.0,1024.0,0,1,0,0.0,163.84000000000003,0,0,0
1131,165,2.0,3.3,4.0,250.0,0,1,0,0.0,43.56,0,0,0
1132,175,4.0,3.2,4.0,1024.0,0,1,0,0.0,163.84000000000003,0,0,0
1133,220,4.0,3.2,4.0,250.0,0,1,0,0.0,163.84000000000003,0,0,0
1134,351,6.0,3.4,8.0,320.0,0,1,0,0.0,416.16,0,0,0
1135,279,6.0,3.4,4.0,320.0,0,1,0,0.0,416.16,0,0,0
1136,293,4.0,3.2,16.0,2048.0,0,1,0,0.0,163.84000000000003,0,0,0
1137,458,4.0,3.2,16.0,2048.0,0,1,0,0.0,163.84000000000003,0,0,0
1138,192,2.0,3.3,4.0,1024.0,0,1,0,0.0,43.56,0,0,0
1139,197,2.0,3.1,8.0,1024.0,0,1,0,0.0,38.44000000000001,0,0,0
1140,308,2.0,3.4,16.0,2048.0,0,1,0,0.0,46.24,0,0,0
1141,262,4.0,3.2,8.0,320.0,0,1,0,0.0,163.84000000000003,0,0,0
1142,240,4.0,3.1,8.0,2048.0,0,1,0,0.0,153.76000000000005,0,0,0
1143,279,4.0,3.2,8.0,2048.0,0,1,0,0.0,163.84000000000003,0,0,0
1144,369,6.0,2.8,16.0,2048.0,0,1,0,0.0,282.2399999999999,0,0,0
1145,541,2.0,2.4,8.0,1024.0,0,0,1,0.0,23.04,0,0,0
1146,227,4.0,3.1,8.0,2048.0,0,1,0,0.0,153.76000000000005,0,0,0
1147,245,4.0,3.2,8.0,1024.0,0,1,0,0.0,163.84000000000003,0,0,0
1148,229,2.0,3.3,8.0,2048.0,0,1,0,0.0,43.56,0,0,0
1149,182,2.0,3.1,8.0,320.0,0,1,0,0.0,38.44000000000001,0,0,0
1150,294,6.0,2.8,4.0,1024.0,0,1,0,0.0,282.2399999999999,0,0,0
1151,300,4.0,3.2,16.0,1024.0,0,1,0,0.0,163.84000000000003,0,0,0
1152,230,4.0,3.2,8.0,320.0,0,1,0,0.0,163.84000000000003,0,0,0
1153,257,2.0,2.9,16.0,2048.0,0,1,0,0.0,33.64,0,0,0
1154,249,4.0,3.2,8.0,1024.0,0,1,0,0.0,163.84000000000003,0,0,0
1155,263,2.0,3.4,8.0,1024.0,0,1,0,0.0,46.24,0,0,0
1156,239,2.0,2.9,16.0,1024.0,0,1,0,0.0,33.64,0,0,0
1157,194,2.0,3.3,8.0,320.0,0,1,0,0.0,43.56,0,0,0
1158,209,2.0,3.3,4.0,2048.0,0,1,0,0.0,43.56,0,0,0
1159,251,4.0,3.2,4.0,2048.0,0,1,0,0.0,163.84000000000003,0,0,0
1160,179,4.0,3.2,4.0,250.0,0,1,0,0.0,163.84000000000003,0,0,0
1161,274,4.0,3.1,16.0,2048.0,0,1,0,0.0,153.76000000000005,0,0,0
1162,238,4.0,3.1,8.0,2048.0,0,1,0,0.0,153.76000000000005,0,0,0
1163,188,2.0,2.9,8.0,1024.0,0,1,0,0.0,33.64,0,0,0
1164,394,4.0,3.2,8.0,320.0,0,1,0,0.0,163.84000000000003,0,0,0
1165,265,2.0,3.3,16.0,2048.0,0,1,0,0.0,43.56,0,0,0
1166,263,2.0,3.3,16.0,2048.0,0,1,0,0.0,43.56,0,0,0
1167,295,4.0,3.1,16.0,1024.0,0,1,0,0.0,153.76000000000005,0,0,0
1168,194,2.0,2.9,8.0,2048.0,0,1,0,0.0,33.64,0,0,0
1169,384,4.0,3.2,4.0,1024.0,0,1,0,0.0,163.84000000000003,0,0,0
1170,237,4.0,3.2,4.0,2048.0,0,1,0,0.0,163.84000000000003,0,0,0
1171,316,6.0,3.4,4.0,250.0,0,1,0,0.0,416.16,0,0,0
1172,224,4.0,3.1,8.0,2048.0,0,1,0,0.0,153.76000000000005,0,0,0
1173,218,2.0,3.3,8.0,1024.0,0,1,0,0.0,43.56,0,0,0
1174,400,4.0,3.2,4.0,2048.0,0,1,0,0.0,163.84000000000003,0,0,0
1175,181,4.0,3.1,4.0,250.0,0,1,0,0.0,153.76000000000005,0,0,0
1176,183,2.0,2.9,8.0,320.0,0,1,0,0.0,33.64,0,0,0
1177,199,2.0,2.9,8.0,2048.0,0,1,0,0.0,33.64,0,0,0
1178,147,2.0,2.9,4.0,2048.0,0,1,0,0.0,33.64,0,0,0
1179,361,6.0,3.4,8.0,2048.0,0,1,0,0.0,416.16,0,0,0
1180,251,4.0,3.2,8.0,2048.0,0,1,0,0.0,163.84000000000003,0,0,0
1181,393,4.0,2.9,4.0,1024.0,0,1,0,0.0,134.56,0,0,0
1182,178,2.0,3.3,4.0,250.0,0,1,0,0.0,43.56,0,0,0
1183,264,4.0,3.1,16.0,2048.0,0,1,0,0.0,153.76000000000005,0,0,0
1184,244,2.0,2.9,16.0,2048.0,0,1,0,0.0,33.64,0,0,0
1185,307,6.0,3.4,8.0,320.0,0,1,0,0.0,416.16,0,0,0
1186,450,4.0,3.2,16.0,1024.0,0,1,0,0.0,163.84000000000003,0,0,0
1187,241,4.0,3.2,16.0,1024.0,0,1,0,0.0,163.84000000000003,0,0,0
1188,303,4.0,3.2,16.0,2048.0,0,1,0,0.0,163.84000000000003,0,0,0
1189,415,4.0,3.2,8.0,2048.0,0,1,0,0.0,163.84000000000003,0,0,0
1190,198,2.0,3.3,4.0,1024.0,0,1,0,0.0,43.56,0,0,0
1191,330,6.0,3.4,8.0,2048.0,0,1,0,0.0,416.16,0,0,0
1192,239,2.0,2.9,16.0,1024.0,0,1,0,0.0,33.64,0,0,0
1193,366,4.0,2.9,4.0,250.0,0,1,0,0.0,134.56,0,0,0
1194,203,2.0,3.3,4.0,2048.0,0,1,0,0.0,43.56,0,0,0
1195,327,6.0,3.4,4.0,1024.0,0,1,0,0.0,416.16,0,0,0
1196,226,4.0,3.2,4.0,1024.0,0,1,0,0.0,163.84000000000003,0,0,0
1197,301,6.0,3.4,4.0,1024.0,0,1,0,0.0,416.16,0,0,0
1198,225,4.0,3.2,4.0,1024.0,0,1,0,0.0,163.84000000000003,0,0,0
1199,223,2.0,3.3,8.0,2048.0,0,1,0,0.0,43.56,0,0,0
1200,212,4.0,3.1,8.0,320.0,0,1,0,0.0,153.76000000000005,0,0,0
1201,174,4.0,3.1,4.0,250.0,0,1,0,0.0,153.76000000000005,0,0,0
1202,209,4.0,3.1,4.0,1024.0,0,1,0,0.0,153.76000000000005,0,0,0
1203,455,6.0,3.4,8.0,512.0,1,1,0,512.0,416.16,0,0,0
1204,96,2.0,2.9,2.0,160.0,0,1,0,0.0,33.64,0,0,0
1205,122,2.0,3.0,4.0,320.0,0,1,0,0.0,36.0,0,0,0
1206,89,1.0,2.6,2.0,160.0,0,1,0,0.0,6.760000000000002,0,0,0
1207,86,2.0,1.8,2.0,80.0,0,1,0,0.0,12.96,0,0,0
1208,178,4.0,3.1,4.0,320.0,0,1,0,0.0,153.76000000000005,0,0,0
1209,249,4.0,3.1,8.0,1024.0,0,1,0,0.0,153.76000000000005,0,0,0
1210,208,4.0,3.1,4.0,1024.0,0,1,0,0.0,153.76000000000005,0,0,0
1211,180,4.0,3.2,8.0,320.0,0,1,0,0.0,163.84000000000003,0,0,0
1212,182,2.0,3.1,4.0,250.0,0,0,1,0.0,38.44000000000001,0,0,0
1213,151,2.0,3.1,4.0,250.0,0,1,0,0.0,38.44000000000001,0,0,0
1214,189,4.0,3.1,4.0,500.0,0,1,0,0.0,153.76000000000005,0,0,0
1215,215,4.0,3.1,8.0,1024.0,0,1,0,0.0,153.76000000000005,0,0,0
1216,188,4.0,3.2,4.0,250.0,0,1,0,0.0,163.84000000000003,0,0,0
1217,202,4.0,2.4,4.0,2048.0,0,1,0,0.0,92.16,0,0,0
1218,193,4.0,3.1,4.0,1024.0,0,1,0,0.0,153.76000000000005,0,0,0
1219,167,4.0,3.1,4.0,250.0,0,1,0,0.0,153.76000000000005,0,0,0
1220,202,4.0,2.4,8.0,2048.0,0,1,0,0.0,92.16,0,0,0
1221,193,4.0,3.1,4.0,320.0,0,1,0,0.0,153.76000000000005,0,0,0
1222,210,4.0,3.1,8.0,320.0,0,1,0,0.0,153.76000000000005,0,0,0
1223,129,1.0,2.8,4.0,250.0,0,1,0,0.0,7.839999999999999,0,0,0
1224,222,4.0,3.1,4.0,1024.0,0,1,0,0.0,153.76000000000005,0,0,0
1225,224,4.0,3.1,8.0,1024.0,0,1,0,0.0,153.76000000000005,0,0,0
1226,367,4.0,3.2,8.0,2048.0,0,1,0,0.0,163.84000000000003,0,0,0
1227,266,4.0,3.1,16.0,1024.0,0,1,0,0.0,153.76000000000005,0,0,0
1228,472,6.0,3.4,8.0,2048.0,0,1,0,0.0,416.16,0,0,0
1229,212,4.0,3.1,4.0,320.0,0,1,0,0.0,153.76000000000005,0,0,0
1230,240,4.0,3.1,8.0,320.0,0,1,0,0.0,153.76000000000005,0,0,0
1231,177,4.0,3.1,4.0,250.0,0,1,0,0.0,153.76000000000005,0,0,0
1232,194,4.0,2.4,8.0,2048.0,0,1,0,0.0,92.16,0,0,0
1233,205,4.0,3.1,4.0,2048.0,0,1,0,0.0,153.76000000000005,0,0,0
1234,256,6.0,2.8,4.0,250.0,0,1,0,0.0,282.2399999999999,0,0,0
1235,162,2.0,3.3,4.0,250.0,0,1,0,0.0,43.56,0,0,0
1236,201,2.0,3.3,8.0,320.0,0,1,0,0.0,43.56,0,0,0
1237,163,2.0,2.9,4.0,250.0,0,1,0,0.0,33.64,0,0,0
1238,266,2.0,3.3,16.0,2048.0,0,1,0,0.0,43.56,0,0,0
1239,200,2.0,3.3,4.0,1024.0,0,1,0,0.0,43.56,0,0,0
1240,222,4.0,3.1,4.0,2048.0,0,1,0,0.0,153.76000000000005,0,0,0
1241,146,2.0,3.1,4.0,250.0,0,1,0,0.0,38.44000000000001,0,0,0
1242,110,2.0,3.0,4.0,250.0,0,1,0,0.0,36.0,0,0,0
1243,203,2.0,3.1,8.0,2048.0,0,1,0,0.0,38.44000000000001,0,0,0
1244,336,6.0,2.9,4.0,250.0,0,0,1,0.0,302.75999999999993,0,0,0
1245,220,2.0,3.3,8.0,120.0,1,1,0,120.0,43.56,0,0,0
1246,251,4.0,3.1,8.0,2048.0,0,1,0,0.0,153.76000000000005,0,0,0
1247,233,2.0,3.3,8.0,1024.0,0,1,0,0.0,43.56,0,0,0
1248,219,2.0,3.3,8.0,1024.0,0,1,0,0.0,43.56,0,0,0
1249,169,2.0,3.3,4.0,500.0,0,1,0,0.0,43.56,0,0,0
1250,203,2.0,3.3,8.0,320.0,0,1,0,0.0,43.56,0,0,0
1251,207,2.0,3.3,4.0,2048.0,0,1,0,0.0,43.56,0,0,0
1252,203,2.0,3.3,4.0,2048.0,0,1,0,0.0,43.56,0,0,0
1253,145,2.0,3.0,4.0,500.0,0,1,0,0.0,36.0,0,0,0
1254,155,2.0,3.0,4.0,1024.0,0,1,0,0.0,36.0,0,0,0
1255,166,2.0,3.3,4.0,250.0,0,1,0,0.0,43.56,0,0,0
1256,241,4.0,3.2,8.0,1024.0,0,1,0,0.0,163.84000000000003,0,0,0
1257,246,4.0,3.2,8.0,2048.0,0,1,0,0.0,163.84000000000003,0,0,0
1258,98,2.0,2.6,4.0,250.0,0,1,0,0.0,27.040000000000006,0,0,0
1259,169,2.0,3.0,8.0,1024.0,0,1,0,0.0,36.0,0,0,0
1260,178,2.0,3.1,8.0,2048.0,0,1,0,0.0,38.44000000000001,0,0,0
1261,183,4.0,3.1,4.0,250.0,0,1,0,0.0,153.76000000000005,0,0,0
1262,211,4.0,3.1,4.0,1024.0,0,1,0,0.0,153.76000000000005,0,0,0
1263,144,1.0,3.2,4.0,1024.0,0,1,0,0.0,10.240000000000002,0,0,0
1264,214,4.0,3.1,8.0,320.0,0,1,0,0.0,153.76000000000005,0,0,0
1265,136,2.0,3.0,4.0,1024.0,0,1,0,0.0,36.0,0,0,0
1266,214,2.0,3.3,8.0,1024.0,0,1,0,0.0,43.56,0,0,0
1267,247,2.0,3.3,16.0,1024.0,0,1,0,0.0,43.56,0,0,0
1268,204,4.0,3.2,4.0,500.0,0,1,0,0.0,163.84000000000003,0,0,0
1269,114,2.0,3.0,4.0,160.0,0,1,0,0.0,36.0,0,0,0
1270,259,2.0,3.3,16.0,1024.0,0,1,0,0.0,43.56,0,0,0
1271,172,2.0,3.3,4.0,250.0,0,1,0,0.0,43.56,0,0,0
1272,167,2.0,3.0,8.0,1024.0,0,1,0,0.0,36.0,0,0,0
1273,133,2.0,3.3,4.0,250.0,0,1,0,0.0,43.56,0,0,0
1274,232,2.0,3.3,8.0,2048.0,0,1,0,0.0,43.56,0,0,0
1275,125,2.0,3.0,4.0,320.0,0,1,0,0.0,36.0,0,0,0
1276,197,2.0,3.3,8.0,320.0,0,1,0,0.0,43.56,0,0,0
1277,187,4.0,2.5,4.0,160.0,0,1,0,0.0,100.0,0,0,0
1278,161,1.0,2.8,8.0,2048.0,0,1,0,0.0,7.839999999999999,0,0,0
1279,228,4.0,3.1,8.0,1024.0,0,1,0,0.0,153.76000000000005,0,0,0
1280,236,2.0,3.3,8.0,2048.0,0,1,0,0.0,43.56,0,0,0
1281,192,2.0,3.1,8.0,1024.0,0,1,0,0.0,38.44000000000001,0,0,0
1282,205,2.0,3.3,4.0,1024.0,0,1,0,0.0,43.56,0,0,0
1283,230,4.0,3.2,8.0,320.0,0,1,0,0.0,163.84000000000003,0,0,0
1284,178,2.0,3.3,4.0,500.0,0,1,0,0.0,43.56,0,0,0
1285,193,4.0,3.2,4.0,250.0,0,1,0,0.0,163.84000000000003,0,0,0
1286,266,2.0,3.3,16.0,1024.0,0,1,0,0.0,43.56,0,0,0
1287,259,2.0,3.3,16.0,2048.0,0,1,0,0.0,43.56,0,0,0
1288,145,2.0,3.3,4.0,250.0,0,1,0,0.0,43.56,0,0,0
1289,109,1.0,2.8,4.0,250.0,0,1,0,0.0,7.839999999999999,0,0,0
1290,199,2.0,3.1,4.0,1024.0,0,1,0,0.0,38.44000000000001,0,0,0
1291,274,2.0,3.3,16.0,2048.0,0,1,0,0.0,43.56,0,0,0
1292,198,2.0,3.1,8.0,1024.0,0,1,0,0.0,38.44000000000001,0,0,0
1293,313,2.0,3.4,16.0,2048.0,0,1,0,0.0,46.24,0,0,0
1294,136,1.0,3.1,4.0,250.0,0,1,0,0.0,9.61,0,0,0
1295,312,4.0,3.1,4.0,250.0,0,1,0,0.0,153.76000000000005,0,0,0
1296,93,1.0,3.2,2.0,80.0,0,1,0,0.0,10.240000000000002,0,0,0
1297,319,4.0,3.0,8.0,1024.0,0,1,0,0.0,144.0,0,0,0
1298,217,2.0,3.4,4.0,250.0,0,1,0,0.0,46.24,0,0,0
1299,114,1.0,3.0,4.0,250.0,0,1,0,0.0,9.0,0,0,0
1300,108,2.0,3.0,4.0,160.0,0,1,0,0.0,36.0,0,0,0
1301,256,2.0,3.5,4.0,250.0,0,1,0,0.0,49.0,0,0,0
1302,267,6.0,3.4,4.0,250.0,0,1,0,0.0,416.16,0,0,0
1303,204,4.0,3.0,8.0,1024.0,0,1,0,0.0,144.0,0,0,0
1304,145,2.0,3.1,4.0,250.0,0,1,0,0.0,38.44000000000001,0,0,0
1305,188,4.0,2.4,4.0,1024.0,0,1,0,0.0,92.16,0,0,0
1306,225,4.0,3.1,8.0,2048.0,0,1,0,0.0,153.76000000000005,0,0,0
1307,189,4.0,2.4,8.0,500.0,0,1,0,0.0,92.16,0,0,0
1308,142,1.0,2.9,4.0,1024.0,0,1,0,0.0,8.41,0,0,0
1309,130,4.0,2.4,4.0,250.0,0,1,0,0.0,92.16,0,0,0
1310,204,4.0,2.4,8.0,2048.0,0,1,0,0.0,92.16,0,0,0
1311,172,4.0,2.4,4.0,1024.0,0,1,0,0.0,92.16,0,0,0
1312,101,1.0,2.5,4.0,160.0,0,1,0,0.0,6.25,0,0,0
1313,178,4.0,2.4,8.0,320.0,0,1,0,0.0,92.16,0,0,0
1314,150,4.0,2.4,4.0,250.0,0,1,0,0.0,92.16,0,0,0
1315,164,4.0,2.4,4.0,500.0,0,1,0,0.0,92.16,0,0,0
1316,189,4.0,2.4,8.0,1024.0,0,1,0,0.0,92.16,0,0,0
1317,249,4.0,3.1,8.0,320.0,0,1,0,0.0,153.76000000000005,0,0,0
1318,244,4.0,3.1,8.0,320.0,0,1,0,0.0,153.76000000000005,0,0,0
1319,393,6.0,3.4,16.0,2048.0,0,1,0,0.0,416.16,0,0,0
1320,71,2.0,2.4,2.0,80.0,0,1,0,0.0,23.04,0,0,0
1321,213,4.0,3.1,4.0,250.0,0,1,0,0.0,153.76000000000005,0,0,0
1322,689,4.0,2.7,4.0,500.0,0,1,0,0.0,116.64,1,0,0
1323,110,1.0,3.2,4.0,160.0,0,1,0,0.0,10.240000000000002,0,0,0
1324,219,4.0,3.2,4.0,500.0,0,1,0,0.0,163.84000000000003,0,0,0
1325,95,2.0,2.0,4.0,250.0,0,1,0,0.0,16.0,0,0,0
1326,178,2.0,3.1,4.0,1024.0,0,1,0,0.0,38.44000000000001,0,0,0
1327,90,2.0,2.0,4.0,250.0,0,1,0,0.0,16.0,0,0,0
1328,79,2.0,2.0,2.0,80.0,0,1,0,0.0,16.0,0,0,0
1329,110,1.0,3.2,4.0,320.0,0,1,0,0.0,10.240000000000002,0,0,0
1330,240,4.0,3.1,4.0,1024.0,0,1,0,0.0,153.76000000000005,0,0,0
1331,170,2.0,3.1,8.0,250.0,0,1,0,0.0,38.44000000000001,0,0,0
1332,95,2.0,1.8,4.0,160.0,0,1,0,0.0,12.96,0,0,0
1333,151,2.0,3.1,4.0,250.0,0,1,0,0.0,38.44000000000001,0,0,0
1334,212,4.0,3.1,4.0,250.0,0,1,0,0.0,153.76000000000005,0,0,0
1335,327,4.0,3.2,4.0,250.0,0,1,0,0.0,163.84000000000003,0,0,0
1336,217,2.0,3.4,4.0,250.0,0,1,0,0.0,46.24,0,0,0
1337,245,4.0,3.1,4.0,1024.0,0,1,0,0.0,153.76000000000005,0,0,0
1338,217,4.0,3.1,4.0,1024.0,0,1,0,0.0,153.76000000000005,0,0,0
1339,294,4.0,3.1,16.0,1024.0,0,1,0,0.0,153.76000000000005,0,0,0
1340,250,4.0,3.1,8.0,1024.0,0,1,0,0.0,153.76000000000005,0,0,0
1341,330,6.0,3.4,8.0,320.0,0,1,0,0.0,416.16,0,0,0
1342,90,2.0,2.0,4.0,160.0,0,1,0,0.0,16.0,0,0,0
1343,89,2.0,2.4,2.0,80.0,0,1,0,0.0,23.04,0,0,0
1344,112,2.0,2.0,4.0,320.0,0,1,0,0.0,16.0,0,0,0
1345,425,4.0,3.2,16.0,1024.0,0,1,0,0.0,163.84000000000003,0,0,0
1346,108,2.0,2.0,4.0,1024.0,0,1,0,0.0,16.0,0,0,0
1347,309,6.0,3.4,4.0,250.0,0,1,0,0.0,416.16,0,0,0
1348,212,4.0,3.1,4.0,250.0,0,1,0,0.0,153.76000000000005,0,0,0
1349,125,1.0,2.7,4.0,250.0,0,1,0,0.0,7.290000000000001,0,0,0
1350,141,2.0,1.8,4.0,1024.0,0,1,0,0.0,12.96,0,0,0
1351,367,4.0,3.2,8.0,1024.0,0,1,0,0.0,163.84000000000003,0,0,0
1352,312,4.0,3.1,16.0,2048.0,0,1,0,0.0,153.76000000000005,0,0,0
1353,374,6.0,3.4,8.0,2048.0,0,1,0,0.0,416.16,0,0,0
1354,273,4.0,3.1,8.0,2048.0,0,1,0,0.0,153.76000000000005,0,0,0
1355,305,4.0,3.1,16.0,2048.0,0,1,0,0.0,153.76000000000005,0,0,0
1356,258,4.0,3.1,8.0,2048.0,0,1,0,0.0,153.76000000000005,0,0,0
1357,110,2.0,1.8,4.0,1024.0,0,1,0,0.0,12.96,0,0,0
1358,240,4.0,3.1,8.0,320.0,0,1,0,0.0,153.76000000000005,0,0,0
1359,129,1.0,3.2,4.0,320.0,0,1,0,0.0,10.240000000000002,0,0,0
1360,118,2.0,2.0,4.0,1024.0,0,1,0,0.0,16.0,0,0,0
1361,131,1.0,3.2,4.0,1024.0,0,1,0,0.0,10.240000000000002,0,0,0
1362,296,4.0,3.1,16.0,1024.0,0,1,0,0.0,153.76000000000005,0,0,0
1363,255,4.0,3.1,8.0,1024.0,0,1,0,0.0,153.76000000000005,0,0,0
1364,358,4.0,3.2,8.0,320.0,0,1,0,0.0,163.84000000000003,0,0,0
1365,400,6.0,3.4,16.0,1024.0,0,1,0,0.0,416.16,0,0,0
1366,145,4.0,2.4,4.0,320.0,0,1,0,0.0,92.16,0,0,0
1367,89,1.0,2.5,2.0,80.0,0,1,0,0.0,6.25,0,0,0
1368,89,2.0,2.0,2.0,80.0,0,1,0,0.0,16.0,0,0,0
1369,95,2.0,2.0,4.0,320.0,0,1,0,0.0,16.0,0,0,0
1370,212,4.0,3.1,4.0,250.0,0,1,0,0.0,153.76000000000005,0,0,0
1371,355,4.0,3.2,4.0,1024.0,0,1,0,0.0,163.84000000000003,0,0,0
1372,240,4.0,3.1,4.0,1024.0,0,1,0,0.0,153.76000000000005,0,0,0
1373,214,4.0,3.1,4.0,250.0,0,1,0,0.0,153.76000000000005,0,0,0
1374,271,4.0,3.1,8.0,2048.0,0,1,0,0.0,153.76000000000005,0,0,0
1375,262,4.0,3.1,8.0,1024.0,0,1,0,0.0,153.76000000000005,0,0,0
1376,87,2.0,1.8,2.0,80.0,0,1,0,0.0,12.96,0,0,0
1377,242,4.0,3.1,4.0,1024.0,0,1,0,0.0,153.76000000000005,0,0,0
1378,303,4.0,3.1,16.0,1024.0,0,1,0,0.0,153.76000000000005,0,0,0
1379,260,4.0,3.1,8.0,1024.0,0,1,0,0.0,153.76000000000005,0,0,0
1380,107,1.0,2.5,2.0,320.0,0,1,0,0.0,6.25,0,0,0
1381,266,4.0,3.1,8.0,2048.0,0,1,0,0.0,153.76000000000005,0,0,0
1382,134,1.0,3.2,4.0,1024.0,0,1,0,0.0,10.240000000000002,0,0,0
1383,361,6.0,3.4,8.0,1024.0,0,1,0,0.0,416.16,0,0,0
1384,79,1.0,2.2,2.0,80.0,0,1,0,0.0,4.840000000000002,0,0,0
1385,108,2.0,1.8,4.0,320.0,0,1,0,0.0,12.96,0,0,0
1386,260,4.0,3.1,8.0,2048.0,0,1,0,0.0,153.76000000000005,0,0,0
1387,427,4.0,3.2,16.0,2048.0,0,1,0,0.0,163.84000000000003,0,0,0
1388,189,4.0,3.1,4.0,250.0,0,1,0,0.0,153.76000000000005,0,0,0
1389,271,4.0,3.1,8.0,2048.0,0,1,0,0.0,153.76000000000005,0,0,0
1390,151,1.0,3.2,8.0,1024.0,0,1,0,0.0,10.240000000000002,0,0,0
1391,154,1.0,3.2,8.0,1024.0,0,1,0,0.0,10.240000000000002,0,0,0
1392,241,4.0,3.1,8.0,320.0,0,1,0,0.0,153.76000000000005,0,0,0
1393,264,4.0,3.1,8.0,1024.0,0,1,0,0.0,153.76000000000005,0,0,0
1394,141,1.0,3.2,8.0,320.0,0,1,0,0.0,10.240000000000002,0,0,0
1395,220,4.0,3.1,8.0,320.0,0,1,0,0.0,153.76000000000005,0,0,0
1396,311,4.0,3.1,16.0,2048.0,0,1,0,0.0,153.76000000000005,0,0,0
1397,216,4.0,3.2,4.0,500.0,0,1,0,0.0,163.84000000000003,0,0,0
1398,249,4.0,3.1,8.0,1024.0,0,1,0,0.0,153.76000000000005,0,0,0
1399,87,2.0,1.8,2.0,80.0,0,1,0,0.0,12.96,0,0,0
1400,340,2.0,2.2,8.0,750.0,0,0,1,0.0,19.360000000000007,0,0,0
1401,127,2.0,3.0,4.0,320.0,0,1,0,0.0,36.0,0,0,0
1402,107,2.0,3.0,4.0,160.0,0,0,1,0.0,36.0,0,0,0
1403,133,2.0,2.3,4.0,1024.0,0,0,1,0.0,21.16,0,0,0
1404,404,4.0,3.2,8.0,2048.0,0,0,1,0.0,163.84000000000003,0,0,0
1405,124,2.0,2.3,4.0,320.0,0,0,1,0.0,21.16,0,0,0
1406,167,2.0,3.1,4.0,500.0,0,1,0,0.0,38.44000000000001,0,0,0
1407,130,2.0,3.0,4.0,320.0,0,0,1,0.0,36.0,0,0,0
1408,133,2.0,3.0,4.0,1024.0,0,0,1,0.0,36.0,0,0,0
1409,134,2.0,3.0,4.0,1024.0,0,1,0,0.0,36.0,0,0,0
1410,200,4.0,3.1,4.0,500.0,0,1,0,0.0,153.76000000000005,0,0,0
1411,102,2.0,2.3,4.0,160.0,0,0,1,0.0,21.16,0,0,0
1412,145,2.0,3.0,8.0,320.0,0,1,0,0.0,36.0,0,0,0
1413,167,4.0,2.4,4.0,1024.0,0,0,1,0.0,92.16,0,0,0
1414,157,2.0,3.0,8.0,1024.0,0,1,0,0.0,36.0,0,0,0
1415,115,2.0,3.0,4.0,250.0,0,1,0,0.0,36.0,0,0,0
1416,365,2.0,2.2,8.0,1024.0,0,0,1,0.0,19.360000000000007,0,0,0
1417,880,2.0,2.4,8.0,2048.0,0,0,1,0.0,23.04,0,0,0
1418,156,2.0,3.0,4.0,2048.0,0,1,0,0.0,36.0,0,0,0
1419,153,4.0,2.4,4.0,250.0,0,0,1,0.0,92.16,0,0,0
1420,340,6.0,2.8,8.0,1024.0,1,0,1,1024.0,282.2399999999999,0,0,1
1421,138,2.0,3.3,4.0,250.0,0,1,0,0.0,43.56,0,0,0
1422,109,2.0,2.9,4.0,160.0,0,1,0,0.0,33.64,0,0,0
1423,126,2.0,3.0,4.0,500.0,0,1,0,0.0,36.0,0,0,0
1424,131,4.0,2.4,4.0,250.0,0,1,0,0.0,92.16,0,0,0
1425,105,2.0,3.0,4.0,160.0,0,1,0,0.0,36.0,0,0,0
1426,137,2.0,3.0,4.0,500.0,0,1,0,0.0,36.0,0,0,0
1427,109,2.0,3.0,4.0,160.0,0,1,0,0.0,36.0,0,0,0
1428,95,2.0,3.0,2.0,80.0,0,1,0,0.0,36.0,0,0,0
1429,110,2.0,3.0,4.0,320.0,0,1,0,0.0,36.0,0,0,0
1430,92,2.0,2.3,4.0,160.0,0,1,0,0.0,21.16,0,0,0
1431,94,2.0,3.0,2.0,80.0,0,1,0,0.0,36.0,0,0,0
1432,92,2.0,3.0,4.0,160.0,0,1,0,0.0,36.0,0,0,0
1433,105,2.0,3.0,4.0,320.0,0,1,0,0.0,36.0,0,0,0
1434,180,4.0,3.2,8.0,320.0,0,1,0,0.0,163.84000000000003,0,0,0
1435,165,4.0,2.4,4.0,1024.0,0,1,0,0.0,92.16,0,0,0
1436,104,2.0,2.8,4.0,160.0,0,1,0,0.0,31.36,0,0,0
1437,98,2.0,3.0,4.0,160.0,0,1,0,0.0,36.0,0,0,0
1438,120,2.0,3.0,4.0,320.0,0,1,0,0.0,36.0,0,0,0
1439,92,2.0,3.0,2.0,80.0,0,1,0,0.0,36.0,0,0,0
1440,121,2.0,3.0,4.0,1024.0,0,1,0,0.0,36.0,0,0,0
1441,120,2.0,3.0,4.0,320.0,0,1,0,0.0,36.0,0,0,0
1442,190,4.0,3.2,8.0,1024.0,0,1,0,0.0,163.84000000000003,0,0,0
1443,152,4.0,2.4,4.0,500.0,0,1,0,0.0,92.16,0,0,0
1444,137,2.0,3.0,4.0,1024.0,0,1,0,0.0,36.0,0,0,0
1445,112,2.0,2.3,4.0,320.0,0,1,0,0.0,21.16,0,0,0
1446,100,2.0,3.0,4.0,250.0,0,1,0,0.0,36.0,0,0,0
1447,89,2.0,3.0,2.0,80.0,0,1,0,0.0,36.0,0,0,0
1448,169,2.0,3.0,8.0,2048.0,0,1,0,0.0,36.0,0,0,0
1449,120,2.0,2.8,4.0,1024.0,0,1,0,0.0,31.36,0,0,0
1450,112,2.0,3.0,4.0,320.0,0,1,0,0.0,36.0,0,0,0
1451,107,2.0,2.8,4.0,160.0,0,1,0,0.0,31.36,0,0,0
1452,95,2.0,2.3,4.0,320.0,0,1,0,0.0,21.16,0,0,0
1453,112,2.0,2.9,4.0,500.0,0,1,0,0.0,33.64,0,0,0
1454,97,2.0,2.3,4.0,160.0,0,1,0,0.0,21.16,0,0,0
1455,131,2.0,3.0,4.0,1024.0,0,1,0,0.0,36.0,0,0,0
1456,131,2.0,2.8,4.0,1024.0,0,1,0,0.0,31.36,0,0,0
1457,102,2.0,2.9,4.0,160.0,0,1,0,0.0,33.64,0,0,0
1458,93,2.0,2.4,4.0,250.0,0,1,0,0.0,23.04,0,0,0
1459,107,2.0,2.3,4.0,160.0,0,1,0,0.0,21.16,0,0,0
1460,126,2.0,2.3,4.0,1024.0,0,1,0,0.0,21.16,0,0,0
1461,173,4.0,2.4,4.0,1024.0,0,1,0,0.0,92.16,0,0,0
1462,131,2.0,3.0,4.0,1024.0,0,1,0,0.0,36.0,0,0,0
1463,150,4.0,2.4,4.0,500.0,0,1,0,0.0,92.16,0,0,0
1464,95,2.0,2.3,4.0,160.0,0,1,0,0.0,21.16,0,0,0
1465,112,2.0,2.5,4.0,1024.0,0,1,0,0.0,25.0,0,0,0
1466,100,2.0,1.8,4.0,320.0,0,1,0,0.0,12.96,0,0,0
1467,92,2.0,2.8,4.0,160.0,0,1,0,0.0,31.36,0,0,0
1468,110,2.0,2.3,4.0,1024.0,0,1,0,0.0,21.16,0,0,0
1469,101,2.0,2.3,4.0,160.0,0,1,0,0.0,21.16,0,0,0
1470,120,2.0,3.0,4.0,320.0,0,1,0,0.0,36.0,0,0,0
1471,100,2.0,2.4,4.0,250.0,0,1,0,0.0,23.04,0,0,0
1472,102,2.0,2.3,4.0,160.0,0,1,0,0.0,21.16,0,0,0
1473,100,2.0,2.4,4.0,320.0,0,1,0,0.0,23.04,0,0,0
1474,109,2.0,3.0,4.0,160.0,0,1,0,0.0,36.0,0,0,0
1475,130,2.0,2.3,4.0,1024.0,0,1,0,0.0,21.16,0,0,0
1476,89,2.0,2.8,4.0,160.0,0,1,0,0.0,31.36,0,0,0
1477,100,2.0,2.5,4.0,160.0,0,1,0,0.0,25.0,0,0,0
1478,110,2.0,2.4,4.0,320.0,0,1,0,0.0,23.04,0,0,0
1479,122,2.0,2.5,4.0,1024.0,0,1,0,0.0,25.0,0,0,0
1480,173,4.0,2.4,4.0,1024.0,0,1,0,0.0,92.16,0,0,0
1481,126,2.0,2.3,4.0,1024.0,0,1,0,0.0,21.16,0,0,0
1482,156,4.0,2.4,4.0,500.0,0,1,0,0.0,92.16,0,0,0
1483,137,4.0,2.4,4.0,250.0,0,1,0,0.0,92.16,0,0,0
1484,129,2.0,3.0,4.0,320.0,0,1,0,0.0,36.0,0,0,0
1485,109,2.0,3.0,4.0,160.0,0,1,0,0.0,36.0,0,0,0
1486,114,2.0,3.0,4.0,320.0,0,1,0,0.0,36.0,0,0,0
1487,110,2.0,1.8,4.0,160.0,0,1,0,0.0,12.96,0,0,0
1488,104,2.0,2.4,4.0,160.0,0,1,0,0.0,23.04,0,0,0
1489,100,2.0,2.4,4.0,160.0,0,1,0,0.0,23.04,0,0,0
1490,136,4.0,2.4,4.0,160.0,0,1,0,0.0,92.16,0,0,0
1491,137,4.0,2.4,4.0,250.0,0,1,0,0.0,92.16,0,0,0
1492,121,2.0,3.0,4.0,1024.0,0,1,0,0.0,36.0,0,0,0
1493,93,2.0,2.5,4.0,160.0,0,1,0,0.0,25.0,0,0,0
1494,129,2.0,2.8,4.0,1024.0,0,1,0,0.0,31.36,0,0,0
1495,101,2.0,2.4,4.0,160.0,0,1,0,0.0,23.04,0,0,0
1496,99,2.0,1.8,4.0,160.0,0,1,0,0.0,12.96,0,0,0
1497,115,2.0,2.4,4.0,1024.0,0,1,0,0.0,23.04,0,0,0
1498,80,2.0,2.3,2.0,80.0,0,1,0,0.0,21.16,0,0,0
1499,98,2.0,3.0,4.0,160.0,0,1,0,0.0,36.0,0,0,0
1500,79,2.0,1.8,2.0,80.0,0,1,0,0.0,12.96,0,0,0
1501,126,2.0,2.4,4.0,1024.0,0,1,0,0.0,23.04,0,0,0
1502,104,2.0,2.8,4.0,160.0,0,1,0,0.0,31.36,0,0,0
1503,136,4.0,2.4,4.0,320.0,0,1,0,0.0,92.16,0,0,0
1504,156,4.0,2.4,4.0,500.0,0,1,0,0.0,92.16,0,0,0
1505,115,2.0,2.3,4.0,1024.0,0,1,0,0.0,21.16,0,0,0
1506,161,4.0,2.4,4.0,1024.0,0,1,0,0.0,92.16,0,0,0
1507,131,2.0,2.8,4.0,1024.0,0,1,0,0.0,31.36,0,0,0
1508,114,2.0,3.0,4.0,160.0,0,1,0,0.0,36.0,0,0,0
1509,115,2.0,2.3,4.0,500.0,0,1,0,0.0,21.16,0,0,0
1510,126,2.0,3.0,4.0,1024.0,0,1,0,0.0,36.0,0,0,0
1511,137,2.0,3.0,4.0,1024.0,0,1,0,0.0,36.0,0,0,0
1512,97,2.0,2.3,4.0,160.0,0,1,0,0.0,21.16,0,0,0
1513,115,2.0,3.0,4.0,320.0,0,1,0,0.0,36.0,0,0,0
1514,115,2.0,2.3,4.0,1024.0,0,1,0,0.0,21.16,0,0,0
1515,149,1.0,2.7,4.0,250.0,0,1,0,0.0,7.290000000000001,0,0,0
1516,115,2.0,3.0,4.0,160.0,0,1,0,0.0,36.0,0,0,0
1517,156,2.0,3.0,8.0,1024.0,0,1,0,0.0,36.0,0,0,0
1518,187,4.0,2.4,8.0,1024.0,0,1,0,0.0,92.16,0,0,0
1519,218,2.0,3.0,16.0,2048.0,0,1,0,0.0,36.0,0,0,0
1520,104,2.0,3.0,4.0,160.0,0,1,0,0.0,36.0,0,0,0
1521,116,2.0,2.9,4.0,500.0,0,1,0,0.0,33.64,0,0,0
1522,117,2.0,3.0,4.0,320.0,0,1,0,0.0,36.0,0,0,0
1523,328,6.0,3.4,4.0,1024.0,0,1,0,0.0,416.16,0,0,0
1524,178,4.0,2.4,8.0,320.0,0,1,0,0.0,92.16,0,0,0
1525,246,4.0,3.1,16.0,2048.0,0,1,0,0.0,153.76000000000005,0,0,0
1526,131,2.0,2.8,4.0,1024.0,0,1,0,0.0,31.36,0,0,0
1527,145,4.0,3.1,4.0,250.0,0,1,0,0.0,153.76000000000005,0,0,0
1528,159,4.0,2.4,4.0,1024.0,0,1,0,0.0,92.16,0,0,0
1529,182,4.0,3.1,4.0,250.0,0,1,0,0.0,153.76000000000005,0,0,0
1530,221,4.0,3.2,8.0,1024.0,0,1,0,0.0,163.84000000000003,0,0,0
1531,175,4.0,3.2,4.0,250.0,0,1,0,0.0,163.84000000000003,0,0,0
1532,210,4.0,3.1,8.0,1024.0,0,1,0,0.0,153.76000000000005,0,0,0
1533,232,4.0,3.1,8.0,1024.0,0,1,0,0.0,153.76000000000005,0,0,0
1534,198,4.0,3.1,4.0,250.0,0,1,0,0.0,153.76000000000005,0,0,0
1535,94,2.0,3.0,4.0,250.0,0,1,0,0.0,36.0,0,0,0
1536,248,4.0,3.2,8.0,1024.0,0,1,0,0.0,163.84000000000003,0,0,0
1537,182,4.0,3.1,4.0,250.0,0,1,0,0.0,153.76000000000005,0,0,0
1538,264,4.0,3.4,8.0,1024.0,0,1,0,0.0,184.96,0,0,0
1539,177,4.0,3.2,4.0,250.0,0,1,0,0.0,163.84000000000003,0,0,0
1540,279,4.0,3.1,8.0,1024.0,0,1,0,0.0,153.76000000000005,0,0,0
1541,107,2.0,3.0,4.0,250.0,0,1,0,0.0,36.0,0,0,0
1542,210,4.0,3.1,4.0,1024.0,0,1,0,0.0,153.76000000000005,0,0,0
1543,259,4.0,3.4,8.0,1024.0,0,1,0,0.0,184.96,0,0,0
1544,264,4.0,3.4,8.0,1024.0,0,1,0,0.0,184.96,0,0,0
1545,145,2.0,3.3,4.0,250.0,0,1,0,0.0,43.56,0,0,0
1546,249,4.0,3.1,4.0,1024.0,0,1,0,0.0,153.76000000000005,0,0,0
1547,209,4.0,3.4,4.0,250.0,0,1,0,0.0,184.96,0,0,0
1548,243,4.0,3.1,4.0,1024.0,0,1,0,0.0,153.76000000000005,0,0,0
1549,236,4.0,3.4,4.0,1024.0,0,1,0,0.0,184.96,0,0,0
1550,259,4.0,3.2,8.0,1024.0,0,1,0,0.0,163.84000000000003,0,0,0
1551,281,6.0,2.9,4.0,250.0,0,1,0,0.0,302.75999999999993,0,0,0
1552,246,4.0,3.4,8.0,1024.0,0,1,0,0.0,184.96,0,0,0
1553,136,2.0,3.3,4.0,250.0,0,1,0,0.0,43.56,0,0,0
1554,236,4.0,3.4,4.0,1024.0,0,1,0,0.0,184.96,0,0,0
1555,265,4.0,3.4,8.0,2048.0,0,1,0,0.0,184.96,0,0,0
1556,265,4.0,3.4,8.0,2048.0,0,1,0,0.0,184.96,0,0,0
1557,204,4.0,3.2,4.0,250.0,0,1,0,0.0,163.84000000000003,0,0,0
1558,283,4.0,3.1,4.0,500.0,0,1,0,0.0,153.76000000000005,0,0,0
1559,105,2.0,3.2,4.0,250.0,0,1,0,0.0,40.96000000000001,0,0,0
1560,121,2.0,2.9,4.0,250.0,0,1,0,0.0,33.64,0,0,0
1561,362,6.0,3.4,8.0,1024.0,0,1,0,0.0,416.16,0,0,0
1562,244,4.0,3.1,8.0,2048.0,0,1,0,0.0,153.76000000000005,0,0,0
1563,206,4.0,3.2,4.0,250.0,0,1,0,0.0,163.84000000000003,0,0,0
1564,144,2.0,3.3,4.0,250.0,0,1,0,0.0,43.56,0,0,0
1565,227,4.0,3.2,8.0,1024.0,0,1,0,0.0,163.84000000000003,0,0,0
1566,227,4.0,3.2,4.0,1024.0,0,1,0,0.0,163.84000000000003,0,0,0
1567,242,4.0,3.4,8.0,1024.0,0,1,0,0.0,184.96,0,0,0
1568,244,4.0,3.2,8.0,1024.0,0,1,0,0.0,163.84000000000003,0,0,0
1569,236,4.0,3.2,4.0,1024.0,0,1,0,0.0,163.84000000000003,0,0,0
1570,274,4.0,3.1,8.0,1024.0,0,1,0,0.0,153.76000000000005,0,0,0
1571,232,4.0,3.1,8.0,1024.0,0,1,0,0.0,153.76000000000005,0,0,0
1572,221,4.0,3.2,8.0,1024.0,0,1,0,0.0,163.84000000000003,0,0,0
1573,216,4.0,3.1,4.0,250.0,0,1,0,0.0,153.76000000000005,0,0,0
1574,204,4.0,3.1,4.0,1024.0,0,1,0,0.0,153.76000000000005,0,0,0
1575,252,4.0,2.4,16.0,1024.0,0,1,0,0.0,92.16,0,0,0
1576,474,6.0,3.1,16.0,512.0,1,1,0,512.0,345.9600000000001,0,0,0
1577,183,2.0,3.1,8.0,1024.0,0,1,0,0.0,38.44000000000001,0,0,0
1578,174,4.0,2.4,8.0,320.0,0,1,0,0.0,92.16,0,0,0
1579,177,4.0,2.4,8.0,320.0,0,1,0,0.0,92.16,0,0,0
1580,202,4.0,3.2,8.0,2048.0,0,1,0,0.0,163.84000000000003,0,0,0
1581,149,2.0,3.1,4.0,250.0,0,1,0,0.0,38.44000000000001,0,0,0
1582,253,4.0,3.2,8.0,320.0,0,1,0,0.0,163.84000000000003,0,0,0
1583,157,4.0,2.4,4.0,1024.0,0,1,0,0.0,92.16,0,0,0
1584,110,2.0,3.0,4.0,250.0,0,1,0,0.0,36.0,0,0,0
1585,175,2.0,3.1,8.0,250.0,0,1,0,0.0,38.44000000000001,0,0,0
1586,112,2.0,3.0,4.0,160.0,0,1,0,0.0,36.0,0,0,0
1587,296,4.0,3.1,16.0,2048.0,0,1,0,0.0,153.76000000000005,0,0,0
1588,301,4.0,3.2,16.0,2048.0,0,1,0,0.0,163.84000000000003,0,0,0
1589,298,4.0,3.2,16.0,1024.0,0,1,0,0.0,163.84000000000003,0,0,0
1590,238,2.0,3.1,16.0,1024.0,0,1,0,0.0,38.44000000000001,0,0,0
1591,356,6.0,3.4,16.0,1024.0,0,1,0,0.0,416.16,0,0,0
1592,314,6.0,3.4,8.0,2048.0,0,1,0,0.0,416.16,0,0,0
1593,178,4.0,3.2,4.0,250.0,0,1,0,0.0,163.84000000000003,0,0,0
1594,232,4.0,3.2,8.0,1024.0,0,1,0,0.0,163.84000000000003,0,0,0
1595,237,4.0,3.2,8.0,2048.0,0,1,0,0.0,163.84000000000003,0,0,0
1596,179,4.0,3.2,4.0,250.0,0,1,0,0.0,163.84000000000003,0,0,0
1597,219,4.0,3.2,8.0,1024.0,0,1,0,0.0,163.84000000000003,0,0,0
1598,221,4.0,3.1,8.0,1024.0,0,1,0,0.0,153.76000000000005,0,0,0
1599,224,4.0,3.2,8.0,500.0,0,1,0,0.0,163.84000000000003,0,0,0
1600,193,4.0,3.2,4.0,1024.0,0,1,0,0.0,163.84000000000003,0,0,0
1601,186,4.0,3.1,4.0,500.0,0,1,0,0.0,153.76000000000005,0,0,0
1602,129,2.0,3.0,4.0,320.0,0,1,0,0.0,36.0,0,0,0
1603,230,4.0,3.1,8.0,2048.0,0,1,0,0.0,153.76000000000005,0,0,0
1604,303,6.0,3.4,8.0,1024.0,0,1,0,0.0,416.16,0,0,0
1605,221,4.0,3.2,8.0,1024.0,0,1,0,0.0,163.84000000000003,0,0,0
1606,373,6.0,3.4,8.0,2048.0,0,1,0,0.0,416.16,0,0,0
1607,373,6.0,3.4,8.0,2048.0,0,1,0,0.0,416.16,0,0,0
1608,359,6.0,3.4,8.0,2048.0,0,1,0,0.0,416.16,0,0,0
1609,362,6.0,3.4,8.0,1024.0,0,1,0,0.0,416.16,0,0,0
1610,354,6.0,3.4,8.0,2048.0,0,1,0,0.0,416.16,0,0,0
1611,299,6.0,3.4,8.0,2048.0,0,1,0,0.0,416.16,0,0,0
1612,104,1.0,2.8,4.0,250.0,0,1,0,0.0,7.839999999999999,0,0,0
1613,143,2.0,3.1,4.0,320.0,0,1,0,0.0,38.44000000000001,0,0,0
1614,183,4.0,3.1,4.0,250.0,0,1,0,0.0,153.76000000000005,0,0,0
1615,109,1.0,3.2,4.0,160.0,0,1,0,0.0,10.240000000000002,0,0,0
1616,172,2.0,3.1,4.0,1024.0,0,1,0,0.0,38.44000000000001,0,0,0
1617,140,1.0,3.2,8.0,320.0,0,1,0,0.0,10.240000000000002,0,0,0
1618,206,4.0,3.1,8.0,320.0,0,1,0,0.0,153.76000000000005,0,0,0
1619,119,1.0,3.2,4.0,320.0,0,1,0,0.0,10.240000000000002,0,0,0
1620,167,2.0,3.1,8.0,250.0,0,1,0,0.0,38.44000000000001,0,0,0
1621,147,1.0,3.2,8.0,1024.0,0,1,0,0.0,10.240000000000002,0,0,0
1622,236,4.0,3.1,8.0,1024.0,0,1,0,0.0,153.76000000000005,0,0,0
1623,110,1.0,3.2,4.0,320.0,0,1,0,0.0,10.240000000000002,0,0,0
1624,191,4.0,2.4,8.0,1024.0,0,1,0,0.0,92.16,0,0,0
1625,211,4.0,3.1,4.0,1024.0,0,1,0,0.0,153.76000000000005,0,0,0
1626,103,1.0,3.2,4.0,160.0,0,1,0,0.0,10.240000000000002,0,0,0
1627,144,1.0,3.2,8.0,320.0,0,1,0,0.0,10.240000000000002,0,0,0
1628,144,2.0,3.1,4.0,250.0,0,1,0,0.0,38.44000000000001,0,0,0
1629,180,4.0,2.4,8.0,1024.0,0,1,0,0.0,92.16,0,0,0
1630,124,1.0,3.2,4.0,1024.0,0,1,0,0.0,10.240000000000002,0,0,0
1631,260,4.0,3.1,16.0,1024.0,0,1,0,0.0,153.76000000000005,0,0,0
1632,286,4.0,3.1,16.0,2048.0,0,1,0,0.0,153.76000000000005,0,0,0
1633,135,1.0,3.2,4.0,1024.0,0,1,0,0.0,10.240000000000002,0,0,0
1634,153,2.0,2.9,8.0,1024.0,0,1,0,0.0,33.64,0,0,0
1635,154,4.0,2.4,4.0,320.0,0,1,0,0.0,92.16,0,0,0
1636,109,2.0,2.9,4.0,160.0,0,1,0,0.0,33.64,0,0,0
1637,164,4.0,2.4,8.0,320.0,0,1,0,0.0,92.16,0,0,0
1638,119,2.0,2.9,4.0,320.0,0,1,0,0.0,33.64,0,0,0
1639,175,4.0,2.4,8.0,320.0,0,1,0,0.0,92.16,0,0,0
1640,156,1.0,3.2,8.0,1024.0,0,1,0,0.0,10.240000000000002,0,0,0
1641,252,4.0,3.1,8.0,2048.0,0,1,0,0.0,153.76000000000005,0,0,0
1642,344,4.0,3.2,4.0,500.0,0,1,0,0.0,163.84000000000003,0,0,0
1643,143,4.0,2.4,4.0,320.0,0,1,0,0.0,92.16,0,0,0
1644,278,4.0,3.4,8.0,256.0,1,1,0,256.0,184.96,0,0,0
1645,220,2.0,3.3,8.0,2048.0,0,1,0,0.0,43.56,0,0,0
1646,246,4.0,3.1,8.0,2048.0,0,1,0,0.0,153.76000000000005,0,0,0
1647,182,2.0,3.1,8.0,320.0,0,1,0,0.0,38.44000000000001,0,0,0
1648,811,6.0,3.4,16.0,3072.0,1,0,1,3072.0,416.16,0,0,1
1649,325,2.0,2.4,8.0,1024.0,0,1,0,0.0,23.04,0,0,0
1650,362,6.0,3.4,16.0,500.0,0,1,0,0.0,416.16,0,0,0
1651,197,4.0,3.2,8.0,500.0,0,1,0,0.0,163.84000000000003,0,0,0
1652,183,2.0,3.3,4.0,2048.0,0,1,0,0.0,43.56,0,0,0
1653,151,2.0,3.3,4.0,250.0,0,1,0,0.0,43.56,0,0,0
1654,366,6.0,3.4,8.0,2048.0,0,1,0,0.0,416.16,0,0,0
1655,222,4.0,3.1,4.0,2048.0,0,1,0,0.0,153.76000000000005,0,0,0
1656,194,2.0,3.1,8.0,2048.0,0,1,0,0.0,38.44000000000001,0,0,0
1657,233,4.0,3.2,8.0,2048.0,0,1,0,0.0,163.84000000000003,0,0,0
1658,183,2.0,3.3,8.0,320.0,0,1,0,0.0,43.56,0,0,0
1659,232,4.0,3.2,8.0,1024.0,0,1,0,0.0,163.84000000000003,0,0,0
1660,247,4.0,3.1,8.0,2048.0,0,1,0,0.0,153.76000000000005,0,0,0
1661,148,2.0,3.1,4.0,160.0,0,1,0,0.0,38.44000000000001,0,0,0
1662,210,2.0,3.3,8.0,1024.0,0,1,0,0.0,43.56,0,0,0
1663,169,4.0,2.5,4.0,250.0,0,1,0,0.0,100.0,0,0,0
1664,223,4.0,3.2,4.0,2048.0,0,1,0,0.0,163.84000000000003,0,0,0
1665,199,2.0,3.3,4.0,1024.0,0,1,0,0.0,43.56,0,0,0
1666,189,2.0,3.1,8.0,1024.0,0,1,0,0.0,38.44000000000001,0,0,0
1667,350,2.0,2.4,8.0,2048.0,0,1,0,0.0,23.04,0,0,0
1668,289,2.0,2.2,8.0,1024.0,0,1,0,0.0,19.360000000000007,0,0,0
1669,384,6.0,3.4,16.0,2048.0,0,1,0,0.0,416.16,0,0,0
1670,183,2.0,3.3,4.0,2048.0,0,1,0,0.0,43.56,0,0,0
1671,172,2.0,3.1,8.0,320.0,0,1,0,0.0,38.44000000000001,0,0,0
1672,200,2.0,3.1,8.0,1024.0,0,1,0,0.0,38.44000000000001,0,0,0
1673,418,6.0,3.4,8.0,1024.0,1,0,1,1024.0,416.16,0,0,1
1674,196,4.0,3.1,4.0,1024.0,0,1,0,0.0,153.76000000000005,0,0,0
1675,183,2.0,3.3,8.0,320.0,0,1,0,0.0,43.56,0,0,0
1676,220,2.0,3.3,8.0,1024.0,0,1,0,0.0,43.56,0,0,0
1677,227,4.0,3.1,4.0,2048.0,0,1,0,0.0,153.76000000000005,0,0,0
1678,422,6.0,3.4,16.0,256.0,1,1,0,256.0,416.16,0,0,0
1679,233,4.0,3.1,8.0,320.0,0,1,0,0.0,153.76000000000005,0,0,0
1680,206,2.0,3.3,8.0,2048.0,0,1,0,0.0,43.56,0,0,0
1681,178,2.0,3.3,4.0,1024.0,0,1,0,0.0,43.56,0,0,0
1682,221,4.0,3.1,8.0,2048.0,0,1,0,0.0,153.76000000000005,0,0,0
1683,204,2.0,3.3,8.0,320.0,0,1,0,0.0,43.56,0,0,0
1684,222,4.0,3.2,8.0,320.0,0,1,0,0.0,163.84000000000003,0,0,0
1685,189,2.0,3.1,4.0,2048.0,0,1,0,0.0,38.44000000000001,0,0,0
1686,263,4.0,3.1,8.0,2048.0,0,1,0,0.0,153.76000000000005,0,0,0
1687,199,2.0,3.3,4.0,2048.0,0,1,0,0.0,43.56,0,0,0
1688,198,2.0,3.1,8.0,1024.0,0,1,0,0.0,38.44000000000001,0,0,0
1689,151,2.0,3.1,4.0,250.0,0,1,0,0.0,38.44000000000001,0,0,0
1690,228,4.0,3.1,4.0,2048.0,0,1,0,0.0,153.76000000000005,0,0,0
1691,168,4.0,3.1,4.0,250.0,0,1,0,0.0,153.76000000000005,0,0,0
1692,248,4.0,3.2,8.0,128.0,1,1,0,128.0,163.84000000000003,0,0,0
1693,206,2.0,3.3,8.0,2048.0,0,1,0,0.0,43.56,0,0,0
1694,202,4.0,2.5,4.0,2048.0,0,1,0,0.0,100.0,0,0,0
1695,222,4.0,3.1,4.0,2048.0,0,1,0,0.0,153.76000000000005,0,0,0
1696,175,2.0,3.1,4.0,1024.0,0,1,0,0.0,38.44000000000001,0,0,0
1697,150,2.0,3.3,4.0,250.0,0,1,0,0.0,43.56,0,0,0
1698,282,4.0,3.2,8.0,256.0,1,1,0,256.0,163.84000000000003,0,0,0
1699,204,4.0,3.2,4.0,1024.0,0,1,0,0.0,163.84000000000003,0,0,0
1700,208,4.0,3.1,8.0,320.0,0,1,0,0.0,153.76000000000005,0,0,0
1701,196,4.0,2.5,4.0,1024.0,0,1,0,0.0,100.0,0,0,0
1702,181,2.0,3.1,4.0,2048.0,0,1,0,0.0,38.44000000000001,0,0,0
